project_id,Activity ID,Activity Name,WBS,Baseline Start,Baseline Finish,Start,Finish,Actual Start,Actual Finish,Remaining Duration,Total Float,Free Float,Critical,Longest Path,Predecessors,Successors,Remaining Units,Budgeted Units,Physical % Complete
The Big -P.01-UP-20-April-26,KD-MS-1000,sub,engineering1,6/10/2026,6/20/2026,6/15/2026,6/25/2026,6/15/2026,6/25/2026,10,-5,-3,YES,YES,SDF,AAA,2,4,10
The Big -P.01-UP-20-April-26,KD-MS-1010,del,proc2,6/11/2026,6/21/2026,6/16/2026,6/26/2026,6/16/2026,6/26/2026,10,-5,-3,YES,YES,THG,DDD,2,4,10
The Big -P.01-UP-20-April-26,KD-MS-1020,const,const3,6/12/2026,6/22/2026,6/17/2026,6/27/2026,6/17/2026,6/27/2026,10,-5,-3,YES,YES,JKJ,OOO,2,4,10
The Big -P.01-UP-20-April-26,P-MS-1000,hand,hand4,6/13/2026,6/23/2026,6/18/2026,6/28/2026,6/18/2026,6/28/2026,10,-5,-3,YES,YES,FG,PPP,2,4,10
The Big -P.01-UP-20-April-26,E-DR-1000,,,,,,,,,,,,,,,,,,
The Big -P.01-UP-20-April-26,E-SUB-B01-REP-1000,,,,,,,,,,,,,,,,,,
The Big -P.01-UP-20-April-26,E-SUB-B02-REP-1000,,,,,,,,,,,,,,,,,,
The Big -P.01-UP-20-April-26,KD-MOB-1000,,,,,,,,,,,,,,,,,,
The Big -P.01-UP-20-April-26,KD-MOB-1010,,,,,,,,,,,,,,,,,,
The Big -P.01-UP-20-April-26,KD-MOB-1020,,,,,,,,,,,,,,,,,,
The Big -P.01-UP-20-April-26,P-MS-1020,,,,,,,,,,,,,,,,,,
The Big -P.01-UP-20-April-26,P-MS-1010,,,,,,,,,,,,,,,,,,
The Big -P.01-UP-20-April-26,E-SUB-B01-FOOT-1000,,,,,,,,,,,,,,,,,,
The Big -P.01-UP-20-April-26,P-MS-1030,,,,,,,,,,,,,,,,,,
The Big -P.01-UP-20-April-26,E-SUB-B04-FOOT-1000,,,,,,,,,,,,,,,,,,
The Big -P.01-UP-20-April-26,E-APP-B01-FOOT-1000,,,,,,,,,,,,,,,,,,
The Big -P.01-UP-20-April-26,E-APP-B01-FOOT-1020,,,,,,,,,,,,,,,,,,
The Big -P.01-UP-20-April-26,P-MS-1060,,,,,,,,,,,,,,,,,,
The Big -P.01-UP-20-April-26,P-MS-1040,,,,,,,,,,,,,,,,,,
The Big -P.01-UP-20-April-26,P-MS-1050,,,,,,,,,,,,,,,,,,
The Big -P.01-UP-20-April-26,E-APP-B02-REP-1000,,,,,,,,,,,,,,,,,,
The Big -P.01-UP-20-April-26,P-MPOS-1000,,,,,,,,,,,,,,,,,,
The Big -P.01-UP-20-April-26,E-SUB-B03-REP-1000,,,,,,,,,,,,,,,,,,
The Big -P.01-UP-20-April-26,E-SUB-B01-FOOT-1020,,,,,,,,,,,,,,,,,,
The Big -P.01-UP-20-April-26,E-SUB-B01-FOOT-1030,,,,,,,,,,,,,,,,,,
The Big -P.01-UP-20-April-26,P-MA-1000,,,,,,,,,,,,,,,,,,
The Big -P.01-UP-20-April-26,E-APP-B01-REP-1000,,,,,,,,,,,,,,,,,,
The Big -P.01-UP-20-April-26,CON-B04-WT-1000,,,,,,,,,,,,,,,,,,
The Big -P.01-UP-20-April-26,E-SUB-B01-FOOT-1010,,,,,,,,,,,,,,,,,,
The Big -P.01-UP-20-April-26,P-MA-1010,,,,,,,,,,,,,,,,,,
The Big -P.01-UP-20-April-26,P-MA-1020,,,,,,,,,,,,,,,,,,
The Big -P.01-UP-20-April-26,E-APP-B01-FOOT-1030,,,,,,,,,,,,,,,,,,
The Big -P.01-UP-20-April-26,E-APP-B04-WT-1000,,,,,,,,,,,,,,,,,,
The Big -P.01-UP-20-April-26,E-SUB-B02-FOOT-1000,,,,,,,,,,,,,,,,,,
The Big -P.01-UP-20-April-26,E-APP-B03-REP-1000,,,,,,,,,,,,,,,,,,
The Big -P.01-UP-20-April-26,E-SUB-B04-FOOT-1010,,,,,,,,,,,,,,,,,,
The Big -P.01-UP-20-April-26,E-SUB-B02-FOOT-1030,,,,,,,,,,,,,,,,,,
The Big -P.01-UP-20-April-26,CON-B04-WT-1010,,,,,,,,,,,,,,,,,,
The Big -P.01-UP-20-April-26,CON-EW-B03-1000,,,,,,,,,,,,,,,,,,
The Big -P.01-UP-20-April-26,CON-EW-B04-1000,,,,,,,,,,,,,,,,,,
The Big -P.01-UP-20-April-26,E-SUB-B02-FOOT-1010,,,,,,,,,,,,,,,,,,
The Big -P.01-UP-20-April-26,E-SUB-B03-FOOT-1010,,,,,,,,,,,,,,,,,,
The Big -P.01-UP-20-April-26,CON-B04-WT-1020,,,,,,,,,,,,,,,,,,
The Big -P.01-UP-20-April-26,E-SUB-B04-FOOT-1020,,,,,,,,,,,,,,,,,,
The Big -P.01-UP-20-April-26,E-SUB-B03-FOOT-1000,,,,,,,,,,,,,,,,,,
The Big -P.01-UP-20-April-26,P-MA-1030,,,,,,,,,,,,,,,,,,
The Big -P.01-UP-20-April-26,E-APP-B01-FOOT-1010,,,,,,,,,,,,,,,,,,
The Big -P.01-UP-20-April-26,E-SUB-B02-FOOT-1020,,,,,,,,,,,,,,,,,,
The Big -P.01-UP-20-April-26,E-SUB-B03-FOOT-1020,,,,,,,,,,,,,,,,,,
The Big -P.01-UP-20-April-26,CON-B04-WT-1030,,,,,,,,,,,,,,,,,,
The Big -P.01-UP-20-April-26,P-MA-1060,,,,,,,,,,,,,,,,,,
The Big -P.01-UP-20-April-26,E-SUB-B02-BAS02-1000,,,,,,,,,,,,,,,,,,
The Big -P.01-UP-20-April-26,P-MA-1040,,,,,,,,,,,,,,,,,,
The Big -P.01-UP-20-April-26,P-MA-1050,,,,,,,,,,,,,,,,,,
The Big -P.01-UP-20-April-26,P-MDEL-1020,,,,,,,,,,,,,,,,,,
The Big -P.01-UP-20-April-26,E-SUB-B04-FOOT-1030,,,,,,,,,,,,,,,,,,
The Big -P.01-UP-20-April-26,P-MDEL-1010,,,,,,,,,,,,,,,,,,
The Big -P.01-UP-20-April-26,CON-B04-WT-1040,,,,,,,,,,,,,,,,,,
The Big -P.01-UP-20-April-26,E-SUB-B03-FOOT-1030,,,,,,,,,,,,,,,,,,
The Big -P.01-UP-20-April-26,P-MPOS-1010,,,,,,,,,,,,,,,,,,
The Big -P.01-UP-20-April-26,P-MPOS-1020,,,,,,,,,,,,,,,,,,
The Big -P.01-UP-20-April-26,E-SUB-B02-BAS02-1010,,,,,,,,,,,,,,,,,,
The Big -P.01-UP-20-April-26,E-SUB-B02-BAS01-1010,,,,,,,,,,,,,,,,,,
The Big -P.01-UP-20-April-26,E-SUB-B02-GR-1010,,,,,,,,,,,,,,,,,,
The Big -P.01-UP-20-April-26,E-SUB-B02-1ST-1010,,,,,,,,,,,,,,,,,,
The Big -P.01-UP-20-April-26,E-SUB-B02-2ND-1010,,,,,,,,,,,,,,,,,,
The Big -P.01-UP-20-April-26,E-SUB-B02-3RD-1010,,,,,,,,,,,,,,,,,,
The Big -P.01-UP-20-April-26,E-SUB-B02-4TH-1010,,,,,,,,,,,,,,,,,,
The Big -P.01-UP-20-April-26,E-SUB-B04-REP-1000,,,,,,,,,,,,,,,,,,
The Big -P.01-UP-20-April-26,E-SUB-B02-BAS02-1020,,,,,,,,,,,,,,,,,,
The Big -P.01-UP-20-April-26,E-SUB-B01-BAS01-1000,,,,,,,,,,,,,,,,,,
The Big -P.01-UP-20-April-26,E-SUB-B02-BAS01-1000,,,,,,,,,,,,,,,,,,
The Big -P.01-UP-20-April-26,E-SUB-B02-GR-1000,,,,,,,,,,,,,,,,,,
The Big -P.01-UP-20-April-26,E-SUB-B02-1ST-1000,,,,,,,,,,,,,,,,,,
The Big -P.01-UP-20-April-26,E-SUB-B02-2ND-1000,,,,,,,,,,,,,,,,,,
The Big -P.01-UP-20-April-26,E-SUB-B02-3RD-1000,,,,,,,,,,,,,,,,,,
The Big -P.01-UP-20-April-26,E-SUB-B02-4TH-1000,,,,,,,,,,,,,,,,,,
The Big -P.01-UP-20-April-26,E-SUB-B02-RF-1000,,,,,,,,,,,,,,,,,,
The Big -P.01-UP-20-April-26,P-MPOS-1030,,,,,,,,,,,,,,,,,,
The Big -P.01-UP-20-April-26,E-SUB-B01-GR-1000,,,,,,,,,,,,,,,,,,
The Big -P.01-UP-20-April-26,E-SUB-B01-1ST-1010,,,,,,,,,,,,,,,,,,
The Big -P.01-UP-20-April-26,E-SUB-B02-BAS02-1030,,,,,,,,,,,,,,,,,,
The Big -P.01-UP-20-April-26,E-SUB-B01-BAS01-1010,,,,,,,,,,,,,,,,,,
The Big -P.01-UP-20-April-26,P-MPOS-1040,,,,,,,,,,,,,,,,,,
The Big -P.01-UP-20-April-26,P-MPOS-1050,,,,,,,,,,,,,,,,,,
The Big -P.01-UP-20-April-26,P-MDEL-1000,,,,,,,,,,,,,,,,,,
The Big -P.01-UP-20-April-26,E-SUB-B01-BAS01-1020,,,,,,,,,,,,,,,,,,
The Big -P.01-UP-20-April-26,CON-EW-B01-1000,,,,,,,,,,,,,,,,,,
The Big -P.01-UP-20-April-26,CON-EW-B02-1000,,,,,,,,,,,,,,,,,,
The Big -P.01-UP-20-April-26,E-SUB-B01-2ND-1010,,,,,,,,,,,,,,,,,,
The Big -P.01-UP-20-April-26,E-SUB-B01-3RD-1010,,,,,,,,,,,,,,,,,,
The Big -P.01-UP-20-April-26,E-SUB-B01-4TH-1010,,,,,,,,,,,,,,,,,,
The Big -P.01-UP-20-April-26,E-SUB-B01-5TH-1010,,,,,,,,,,,,,,,,,,
The Big -P.01-UP-20-April-26,E-SUB-B01-6TH-1010,,,,,,,,,,,,,,,,,,
The Big -P.01-UP-20-April-26,E-SUB-B01-7TH-1010,,,,,,,,,,,,,,,,,,
The Big -P.01-UP-20-April-26,E-SUB-B01-8TH-1010,,,,,,,,,,,,,,,,,,
The Big -P.01-UP-20-April-26,E-SUB-B01-RF-1020,,,,,,,,,,,,,,,,,,
The Big -P.01-UP-20-April-26,E-SUB-B04-WT-1000,,,,,,,,,,,,,,,,,,
The Big -P.01-UP-20-April-26,E-SUB-B02-BAS01-1020,,,,,,,,,,,,,,,,,,
The Big -P.01-UP-20-April-26,E-SUB-B01-BAS01-1030,,,,,,,,,,,,,,,,,,
The Big -P.01-UP-20-April-26,E-SUB-B04-WT-1010,,,,,,,,,,,,,,,,,,
The Big -P.01-UP-20-April-26,E-SUB-B02-BAS01-1030,,,,,,,,,,,,,,,,,,
The Big -P.01-UP-20-April-26,E-SUB-B01-BAS01-1040,,,,,,,,,,,,,,,,,,
The Big -P.01-UP-20-April-26,E-SUB-B04-WT-1020,,,,,,,,,,,,,,,,,,
The Big -P.01-UP-20-April-26,E-SUB-B01-BAS02-1000,,,,,,,,,,,,,,,,,,
The Big -P.01-UP-20-April-26,E-APP-B04-REP-1000,,,,,,,,,,,,,,,,,,
The Big -P.01-UP-20-April-26,E-SUB-B04-WT-1030,,,,,,,,,,,,,,,,,,
The Big -P.01-UP-20-April-26,E-SUB-B01-BAS02-1010,,,,,,,,,,,,,,,,,,
The Big -P.01-UP-20-April-26,E-SUB-B04-WT-1040,,,,,,,,,,,,,,,,,,
The Big -P.01-UP-20-April-26,CON-EW-B01-1010,,,,,,,,,,,,,,,,,,
The Big -P.01-UP-20-April-26,CON-EW-B02-1010,,,,,,,,,,,,,,,,,,
The Big -P.01-UP-20-April-26,E-SUB-B01-BAS02-1020,,,,,,,,,,,,,,,,,,
The Big -P.01-UP-20-April-26,E-APP-B04-WT-1010,,,,,,,,,,,,,,,,,,
The Big -P.01-UP-20-April-26,CON-EW-B03-1010,,,,,,,,,,,,,,,,,,
The Big -P.01-UP-20-April-26,CON-EW-B04-1010,,,,,,,,,,,,,,,,,,
The Big -P.01-UP-20-April-26,E-SUB-B01-BAS02-1030,,,,,,,,,,,,,,,,,,
The Big -P.01-UP-20-April-26,E-APP-B04-WT-1020,,,,,,,,,,,,,,,,,,
The Big -P.01-UP-20-April-26,P-MPOS-1070,,,,,,,,,,,,,,,,,,
The Big -P.01-UP-20-April-26,CON-B01-FOOT-1000,,,,,,,,,,,,,,,,,,
The Big -P.01-UP-20-April-26,CON-B02-FOOT-1000,,,,,,,,,,,,,,,,,,
The Big -P.01-UP-20-April-26,CON-B01-FOOT-1010,,,,,,,,,,,,,,,,,,
The Big -P.01-UP-20-April-26,CON-B02-FOOT-1010,,,,,,,,,,,,,,,,,,
The Big -P.01-UP-20-April-26,P-MDEL-1030,,,,,,,,,,,,,,,,,,
The Big -P.01-UP-20-April-26,E-SUB-B01-BAS02-1040,,,,,,,,,,,,,,,,,,
The Big -P.01-UP-20-April-26,E-APP-B03-FOOT-1010,,,,,,,,,,,,,,,,,,
The Big -P.01-UP-20-April-26,E-APP-B03-FOOT-1020,,,,,,,,,,,,,,,,,,
The Big -P.01-UP-20-April-26,E-APP-B03-FOOT-1030,,,,,,,,,,,,,,,,,,
The Big -P.01-UP-20-April-26,E-APP-B04-FOOT-1010,,,,,,,,,,,,,,,,,,
The Big -P.01-UP-20-April-26,E-APP-B04-FOOT-1020,,,,,,,,,,,,,,,,,,
The Big -P.01-UP-20-April-26,E-APP-B04-FOOT-1030,,,,,,,,,,,,,,,,,,
The Big -P.01-UP-20-April-26,P-MDEL-1040,,,,,,,,,,,,,,,,,,
The Big -P.01-UP-20-April-26,E-APP-B03-FOOT-1000,,,,,,,,,,,,,,,,,,
The Big -P.01-UP-20-April-26,E-APP-B04-FOOT-1000,,,,,,,,,,,,,,,,,,
The Big -P.01-UP-20-April-26,CON-B04-FOOT-1000,,,,,,,,,,,,,,,,,,
The Big -P.01-UP-20-April-26,CON-B03-FOOT-1000,,,,,,,,,,,,,,,,,,
The Big -P.01-UP-20-April-26,E-APP-B02-FOOT-1000,,,,,,,,,,,,,,,,,,
The Big -P.01-UP-20-April-26,E-APP-B02-FOOT-1010,,,,,,,,,,,,,,,,,,
The Big -P.01-UP-20-April-26,E-APP-B02-FOOT-1020,,,,,,,,,,,,,,,,,,
The Big -P.01-UP-20-April-26,E-APP-B04-WT-1030,,,,,,,,,,,,,,,,,,
The Big -P.01-UP-20-April-26,E-APP-B04-WT-1040,,,,,,,,,,,,,,,,,,
The Big -P.01-UP-20-April-26,E-APP-B02-FOOT-1030,,,,,,,,,,,,,,,,,,
The Big -P.01-UP-20-April-26,CON-B01-FOOT-1020,,,,,,,,,,,,,,,,,,
The Big -P.01-UP-20-April-26,CON-B02-FOOT-1020,,,,,,,,,,,,,,,,,,
The Big -P.01-UP-20-April-26,CON-B01-FOOT-1030,,,,,,,,,,,,,,,,,,
The Big -P.01-UP-20-April-26,CON-B04-WT-1050,,,,,,,,,,,,,,,,,,
The Big -P.01-UP-20-April-26,CON-B02-FOOT-1030,,,,,,,,,,,,,,,,,,
The Big -P.01-UP-20-April-26,CON-B04-FOOT-1010,,,,,,,,,,,,,,,,,,
The Big -P.01-UP-20-April-26,CON-B03-FOOT-1010,,,,,,,,,,,,,,,,,,
The Big -P.01-UP-20-April-26,CON-B04-FOOT-1020,,,,,,,,,,,,,,,,,,
The Big -P.01-UP-20-April-26,CON-B03-FOOT-1020,,,,,,,,,,,,,,,,,,
The Big -P.01-UP-20-April-26,CON-B04-FOOT-1030,,,,,,,,,,,,,,,,,,
The Big -P.01-UP-20-April-26,CON-B03-FOOT-1030,,,,,,,,,,,,,,,,,,
The Big -P.01-UP-20-April-26,CON-B04-WT-1060,,,,,,,,,,,,,,,,,,
The Big -P.01-UP-20-April-26,E-SUB-B03-BAS02-1000,,,,,,,,,,,,,,,,,,
The Big -P.01-UP-20-April-26,E-SUB-B04-BAS02-1000,,,,,,,,,,,,,,,,,,
The Big -P.01-UP-20-April-26,E-SUB-B03-BAS01-1000,,,,,,,,,,,,,,,,,,
The Big -P.01-UP-20-April-26,E-SUB-B04-BAS01-1000,,,,,,,,,,,,,,,,,,
The Big -P.01-UP-20-April-26,E-SUB-B04-GR-1000,,,,,,,,,,,,,,,,,,
The Big -P.01-UP-20-April-26,E-SUB-B03-GR-1000,,,,,,,,,,,,,,,,,,
The Big -P.01-UP-20-April-26,E-SUB-B04-1ST-1000,,,,,,,,,,,,,,,,,,
The Big -P.01-UP-20-April-26,E-SUB-B04-2ND-1000,,,,,,,,,,,,,,,,,,
The Big -P.01-UP-20-April-26,E-SUB-B04-3RD-1000,,,,,,,,,,,,,,,,,,
The Big -P.01-UP-20-April-26,E-SUB-B04-4TH-1000,,,,,,,,,,,,,,,,,,
The Big -P.01-UP-20-April-26,E-SUB-B04-5TH-1000,,,,,,,,,,,,,,,,,,
The Big -P.01-UP-20-April-26,E-SUB-B04-6TH-1000,,,,,,,,,,,,,,,,,,
The Big -P.01-UP-20-April-26,E-SUB-B04-7TH-1000,,,,,,,,,,,,,,,,,,
The Big -P.01-UP-20-April-26,E-SUB-B04-8TH-1000,,,,,,,,,,,,,,,,,,
The Big -P.01-UP-20-April-26,E-SUB-B03-1ST-1000,,,,,,,,,,,,,,,,,,
The Big -P.01-UP-20-April-26,E-SUB-B03-2ND-1000,,,,,,,,,,,,,,,,,,
The Big -P.01-UP-20-April-26,E-SUB-B03-3RD-1000,,,,,,,,,,,,,,,,,,
The Big -P.01-UP-20-April-26,E-SUB-B03-4TH-1000,,,,,,,,,,,,,,,,,,
The Big -P.01-UP-20-April-26,E-SUB-B04-RF-1000,,,,,,,,,,,,,,,,,,
The Big -P.01-UP-20-April-26,E-SUB-B03-RF-1000,,,,,,,,,,,,,,,,,,
The Big -P.01-UP-20-April-26,E-APP-B03-BAS01-1020,,,,,,,,,,,,,,,,,,
The Big -P.01-UP-20-April-26,E-APP-B03-BAS02-1000,,,,,,,,,,,,,,,,,,
The Big -P.01-UP-20-April-26,E-APP-B03-BAS01-1000,,,,,,,,,,,,,,,,,,
The Big -P.01-UP-20-April-26,E-APP-B03-GR-1000,,,,,,,,,,,,,,,,,,
The Big -P.01-UP-20-April-26,E-APP-B03-1ST-1000,,,,,,,,,,,,,,,,,,
The Big -P.01-UP-20-April-26,E-APP-B03-2ND-1000,,,,,,,,,,,,,,,,,,
The Big -P.01-UP-20-April-26,E-APP-B03-3RD-1000,,,,,,,,,,,,,,,,,,
The Big -P.01-UP-20-April-26,E-APP-B03-4TH-1000,,,,,,,,,,,,,,,,,,
The Big -P.01-UP-20-April-26,E-APP-B03-RF-1000,,,,,,,,,,,,,,,,,,
The Big -P.01-UP-20-April-26,CON-B03-FOOT-1040,,,,,,,,,,,,,,,,,,
The Big -P.01-UP-20-April-26,CON-B02-FOOT-1040,,,,,,,,,,,,,,,,,,
The Big -P.01-UP-20-April-26,CON-B03-FOOT-1050,,,,,,,,,,,,,,,,,,
The Big -P.01-UP-20-April-26,CON-B04-WT-1070,,,,,,,,,,,,,,,,,,
The Big -P.01-UP-20-April-26,CON-B02-FOOT-1050,,,,,,,,,,,,,,,,,,
The Big -P.01-UP-20-April-26,CON-B03-FOOT-1080,,,,,,,,,,,,,,,,,,
The Big -P.01-UP-20-April-26,CON-B02-FOOT-1090,,,,,,,,,,,,,,,,,,
The Big -P.01-UP-20-April-26,CON-B03-FOOT-1060,,,,,,,,,,,,,,,,,,
The Big -P.01-UP-20-April-26,CON-B03-FOOT-1070,,,,,,,,,,,,,,,,,,
The Big -P.01-UP-20-April-26,CON-B02-FOOT-1060,,,,,,,,,,,,,,,,,,
The Big -P.01-UP-20-April-26,CON-B02-FOOT-1070,,,,,,,,,,,,,,,,,,
The Big -P.01-UP-20-April-26,E-SUB-B03-BAS02-1010,,,,,,,,,,,,,,,,,,
The Big -P.01-UP-20-April-26,E-SUB-B04-BAS02-1010,,,,,,,,,,,,,,,,,,
The Big -P.01-UP-20-April-26,E-SUB-B01-1ST-1000,,,,,,,,,,,,,,,,,,
The Big -P.01-UP-20-April-26,E-SUB-B01-2ND-1000,,,,,,,,,,,,,,,,,,
The Big -P.01-UP-20-April-26,E-SUB-B01-3RD-1000,,,,,,,,,,,,,,,,,,
The Big -P.01-UP-20-April-26,E-SUB-B01-4TH-1000,,,,,,,,,,,,,,,,,,
The Big -P.01-UP-20-April-26,E-SUB-B01-5TH-1000,,,,,,,,,,,,,,,,,,
The Big -P.01-UP-20-April-26,E-SUB-B01-6TH-1000,,,,,,,,,,,,,,,,,,
The Big -P.01-UP-20-April-26,E-SUB-B01-7TH-1000,,,,,,,,,,,,,,,,,,
The Big -P.01-UP-20-April-26,E-SUB-B01-8TH-1000,,,,,,,,,,,,,,,,,,
The Big -P.01-UP-20-April-26,E-SUB-B01-RF-1000,,,,,,,,,,,,,,,,,,
The Big -P.01-UP-20-April-26,E-APP-B02-BAS02-1000,,,,,,,,,,,,,,,,,,
The Big -P.01-UP-20-April-26,E-APP-B02-BAS02-1020,,,,,,,,,,,,,,,,,,
The Big -P.01-UP-20-April-26,E-APP-B02-BAS02-1010,,,,,,,,,,,,,,,,,,
The Big -P.01-UP-20-April-26,E-APP-B01-BAS02-1000,,,,,,,,,,,,,,,,,,
The Big -P.01-UP-20-April-26,E-APP-B01-BAS02-1030,,,,,,,,,,,,,,,,,,
The Big -P.01-UP-20-April-26,E-APP-B01-BAS02-1010,,,,,,,,,,,,,,,,,,
The Big -P.01-UP-20-April-26,E-APP-B02-BAS01-1000,,,,,,,,,,,,,,,,,,
The Big -P.01-UP-20-April-26,E-APP-B02-BAS01-1010,,,,,,,,,,,,,,,,,,
The Big -P.01-UP-20-April-26,E-APP-B01-BAS01-1010,,,,,,,,,,,,,,,,,,
The Big -P.01-UP-20-April-26,E-APP-B02-GR-1000,,,,,,,,,,,,,,,,,,
The Big -P.01-UP-20-April-26,E-APP-B02-GR-1010,,,,,,,,,,,,,,,,,,
The Big -P.01-UP-20-April-26,E-APP-B01-GR-1010,,,,,,,,,,,,,,,,,,
The Big -P.01-UP-20-April-26,E-APP-B02-1ST-1000,,,,,,,,,,,,,,,,,,
The Big -P.01-UP-20-April-26,E-APP-B02-1ST-1010,,,,,,,,,,,,,,,,,,
The Big -P.01-UP-20-April-26,E-APP-B02-2ND-1000,,,,,,,,,,,,,,,,,,
The Big -P.01-UP-20-April-26,E-APP-B02-2ND-1010,,,,,,,,,,,,,,,,,,
The Big -P.01-UP-20-April-26,E-APP-B02-3RD-1000,,,,,,,,,,,,,,,,,,
The Big -P.01-UP-20-April-26,E-APP-B02-3RD-1010,,,,,,,,,,,,,,,,,,
The Big -P.01-UP-20-April-26,E-APP-B02-4TH-1000,,,,,,,,,,,,,,,,,,
The Big -P.01-UP-20-April-26,E-APP-B02-4TH-1010,,,,,,,,,,,,,,,,,,
The Big -P.01-UP-20-April-26,E-APP-B01-1ST-1010,,,,,,,,,,,,,,,,,,
The Big -P.01-UP-20-April-26,E-APP-B01-2ND-1010,,,,,,,,,,,,,,,,,,
The Big -P.01-UP-20-April-26,E-APP-B01-3ED-1010,,,,,,,,,,,,,,,,,,
The Big -P.01-UP-20-April-26,E-APP-B01-4TH-1010,,,,,,,,,,,,,,,,,,
The Big -P.01-UP-20-April-26,E-APP-B01-5TH-1010,,,,,,,,,,,,,,,,,,
The Big -P.01-UP-20-April-26,E-APP-B01-6TH-1010,,,,,,,,,,,,,,,,,,
The Big -P.01-UP-20-April-26,E-APP-B01-7TH-1010,,,,,,,,,,,,,,,,,,
The Big -P.01-UP-20-April-26,E-APP-B01-8TH-1010,,,,,,,,,,,,,,,,,,
The Big -P.01-UP-20-April-26,E-APP-B02-RF-1000,,,,,,,,,,,,,,,,,,
The Big -P.01-UP-20-April-26,E-APP-B03-BAS02-1030,,,,,,,,,,,,,,,,,,
The Big -P.01-UP-20-April-26,E-APP-B04-BAS02-1000,,,,,,,,,,,,,,,,,,
The Big -P.01-UP-20-April-26,E-SUB-B03-BAS01-1010,,,,,,,,,,,,,,,,,,
The Big -P.01-UP-20-April-26,E-SUB-B04-BAS01-1010,,,,,,,,,,,,,,,,,,
The Big -P.01-UP-20-April-26,E-SUB-B04-GR-1010,,,,,,,,,,,,,,,,,,
The Big -P.01-UP-20-April-26,E-SUB-B03-GR-1010,,,,,,,,,,,,,,,,,,
The Big -P.01-UP-20-April-26,E-SUB-B04-1ST-1010,,,,,,,,,,,,,,,,,,
The Big -P.01-UP-20-April-26,E-SUB-B04-2ND-1010,,,,,,,,,,,,,,,,,,
The Big -P.01-UP-20-April-26,E-SUB-B04-3RD-1010,,,,,,,,,,,,,,,,,,
The Big -P.01-UP-20-April-26,E-SUB-B04-4TH-1010,,,,,,,,,,,,,,,,,,
The Big -P.01-UP-20-April-26,E-SUB-B04-5TH-1010,,,,,,,,,,,,,,,,,,
The Big -P.01-UP-20-April-26,E-SUB-B04-6TH-1010,,,,,,,,,,,,,,,,,,
The Big -P.01-UP-20-April-26,E-SUB-B04-7TH-1010,,,,,,,,,,,,,,,,,,
The Big -P.01-UP-20-April-26,E-SUB-B04-8TH-1010,,,,,,,,,,,,,,,,,,
The Big -P.01-UP-20-April-26,E-SUB-B03-1ST-1010,,,,,,,,,,,,,,,,,,
The Big -P.01-UP-20-April-26,E-SUB-B03-2ND-1010,,,,,,,,,,,,,,,,,,
The Big -P.01-UP-20-April-26,E-SUB-B03-3RD-1010,,,,,,,,,,,,,,,,,,
The Big -P.01-UP-20-April-26,E-SUB-B03-4TH-1010,,,,,,,,,,,,,,,,,,
The Big -P.01-UP-20-April-26,E-APP-B02-BAS02-1030,,,,,,,,,,,,,,,,,,
The Big -P.01-UP-20-April-26,E-APP-B02-BAS01-1030,,,,,,,,,,,,,,,,,,
The Big -P.01-UP-20-April-26,E-APP-B02-BAS01-1020,,,,,,,,,,,,,,,,,,
The Big -P.01-UP-20-April-26,E-APP-B01-BAS01-1000,,,,,,,,,,,,,,,,,,
The Big -P.01-UP-20-April-26,E-APP-B01-GR-1000,,,,,,,,,,,,,,,,,,
The Big -P.01-UP-20-April-26,E-APP-B01-1ST-1000,,,,,,,,,,,,,,,,,,
The Big -P.01-UP-20-April-26,E-APP-B01-2ND-1000,,,,,,,,,,,,,,,,,,
The Big -P.01-UP-20-April-26,E-APP-B01-3ED-1000,,,,,,,,,,,,,,,,,,
The Big -P.01-UP-20-April-26,E-APP-B01-4TH-1000,,,,,,,,,,,,,,,,,,
The Big -P.01-UP-20-April-26,E-APP-B01-5TH-1000,,,,,,,,,,,,,,,,,,
The Big -P.01-UP-20-April-26,E-APP-B01-6TH-1000,,,,,,,,,,,,,,,,,,
The Big -P.01-UP-20-April-26,E-APP-B01-7TH-1000,,,,,,,,,,,,,,,,,,
The Big -P.01-UP-20-April-26,E-APP-B01-8TH-1000,,,,,,,,,,,,,,,,,,
The Big -P.01-UP-20-April-26,E-APP-B01-RF-1000,,,,,,,,,,,,,,,,,,
The Big -P.01-UP-20-April-26,E-APP-B03-BAS02-1020,,,,,,,,,,,,,,,,,,
The Big -P.01-UP-20-April-26,E-APP-B03-BAS02-1010,,,,,,,,,,,,,,,,,,
The Big -P.01-UP-20-April-26,E-APP-B03-BAS01-1030,,,,,,,,,,,,,,,,,,
The Big -P.01-UP-20-April-26,E-APP-B03-BAS01-1010,,,,,,,,,,,,,,,,,,
The Big -P.01-UP-20-April-26,E-APP-B04-BAS01-1000,,,,,,,,,,,,,,,,,,
The Big -P.01-UP-20-April-26,E-APP-B04-GR-1000,,,,,,,,,,,,,,,,,,
The Big -P.01-UP-20-April-26,E-APP-B03-GR-1010,,,,,,,,,,,,,,,,,,
The Big -P.01-UP-20-April-26,E-APP-B04-1ST-1000,,,,,,,,,,,,,,,,,,
The Big -P.01-UP-20-April-26,E-APP-B04-2ND-1000,,,,,,,,,,,,,,,,,,
The Big -P.01-UP-20-April-26,E-APP-B04-2RD-1000,,,,,,,,,,,,,,,,,,
The Big -P.01-UP-20-April-26,E-APP-B04-4TH-1000,,,,,,,,,,,,,,,,,,
The Big -P.01-UP-20-April-26,E-APP-B04-5TH-1000,,,,,,,,,,,,,,,,,,
The Big -P.01-UP-20-April-26,E-APP-B04-6TH-1000,,,,,,,,,,,,,,,,,,
The Big -P.01-UP-20-April-26,E-APP-B04-7TH-1000,,,,,,,,,,,,,,,,,,
The Big -P.01-UP-20-April-26,E-APP-B04-8TH-1000,,,,,,,,,,,,,,,,,,
The Big -P.01-UP-20-April-26,E-APP-B03-1ST-1010,,,,,,,,,,,,,,,,,,
The Big -P.01-UP-20-April-26,E-APP-B03-2ND-1010,,,,,,,,,,,,,,,,,,
The Big -P.01-UP-20-April-26,E-APP-B03-3RD-1010,,,,,,,,,,,,,,,,,,
The Big -P.01-UP-20-April-26,E-APP-B03-4TH-1010,,,,,,,,,,,,,,,,,,
The Big -P.01-UP-20-April-26,E-APP-B04-RF-1000,,,,,,,,,,,,,,,,,,
The Big -P.01-UP-20-April-26,CON-B01-FOOT-1040,,,,,,,,,,,,,,,,,,
The Big -P.01-UP-20-April-26,CON-B01-FOOT-1050,,,,,,,,,,,,,,,,,,
The Big -P.01-UP-20-April-26,CON-B02-FOOT-1080,,,,,,,,,,,,,,,,,,
The Big -P.01-UP-20-April-26,E-APP-B04-BAS02-1010,,,,,,,,,,,,,,,,,,
The Big -P.01-UP-20-April-26,E-APP-B04-BAS01-1010,,,,,,,,,,,,,,,,,,
The Big -P.01-UP-20-April-26,E-APP-B04-GR-1010,,,,,,,,,,,,,,,,,,
The Big -P.01-UP-20-April-26,E-APP-B04-1ST-1010,,,,,,,,,,,,,,,,,,
The Big -P.01-UP-20-April-26,E-APP-B04-2ND-1010,,,,,,,,,,,,,,,,,,
The Big -P.01-UP-20-April-26,E-APP-B04-2RD-1010,,,,,,,,,,,,,,,,,,
The Big -P.01-UP-20-April-26,E-APP-B04-4TH-1010,,,,,,,,,,,,,,,,,,
The Big -P.01-UP-20-April-26,E-APP-B04-5TH-1010,,,,,,,,,,,,,,,,,,
The Big -P.01-UP-20-April-26,E-APP-B04-6TH-1010,,,,,,,,,,,,,,,,,,
The Big -P.01-UP-20-April-26,E-APP-B04-7TH-1010,,,,,,,,,,,,,,,,,,
The Big -P.01-UP-20-April-26,E-APP-B04-8TH-1010,,,,,,,,,,,,,,,,,,
The Big -P.01-UP-20-April-26,E-SUB-B04-BAS02-1040,,,,,,,,,,,,,,,,,,
The Big -P.01-UP-20-April-26,E-SUB-B04-BAS01-1040,,,,,,,,,,,,,,,,,,
The Big -P.01-UP-20-April-26,E-SUB-B01-SOG-1000,,,,,,,,,,,,,,,,,,
The Big -P.01-UP-20-April-26,CON-B03-BAS02-1000,,,,,,,,,,,,,,,,,,
The Big -P.01-UP-20-April-26,E-SUB-B04-BAS02-1020,,,,,,,,,,,,,,,,,,
The Big -P.01-UP-20-April-26,E-SUB-B04-BAS01-1020,,,,,,,,,,,,,,,,,,
The Big -P.01-UP-20-April-26,E-SUB-B01-SOG-1010,,,,,,,,,,,,,,,,,,
The Big -P.01-UP-20-April-26,E-APP-B01-BAS02-1020,,,,,,,,,,,,,,,,,,
The Big -P.01-UP-20-April-26,E-APP-B01-BAS01-1020,,,,,,,,,,,,,,,,,,
The Big -P.01-UP-20-April-26,E-APP-B04-BAS02-1030,,,,,,,,,,,,,,,,,,
The Big -P.01-UP-20-April-26,E-APP-B04-BAS01-1030,,,,,,,,,,,,,,,,,,
The Big -P.01-UP-20-April-26,CON-B01-FOOT-1060,,,,,,,,,,,,,,,,,,
The Big -P.01-UP-20-April-26,CON-B04-WT-1080,,,,,,,,,,,,,,,,,,
The Big -P.01-UP-20-April-26,CON-B01-FOOT-1070,,,,,,,,,,,,,,,,,,
The Big -P.01-UP-20-April-26,E-SUB-B03-BAS02-1030,,,,,,,,,,,,,,,,,,
The Big -P.01-UP-20-April-26,E-SUB-B03-BAS02-1020,,,,,,,,,,,,,,,,,,
The Big -P.01-UP-20-April-26,E-SUB-B04-BAS02-1030,,,,,,,,,,,,,,,,,,
The Big -P.01-UP-20-April-26,E-APP-B01-BAS02-1040,,,,,,,,,,,,,,,,,,
The Big -P.01-UP-20-April-26,E-APP-B01-BAS01-1030,,,,,,,,,,,,,,,,,,
The Big -P.01-UP-20-April-26,E-APP-B04-BAS02-1040,,,,,,,,,,,,,,,,,,
The Big -P.01-UP-20-April-26,E-APP-B04-BAS02-1020,,,,,,,,,,,,,,,,,,
The Big -P.01-UP-20-April-26,E-SUB-B03-BAS01-1020,,,,,,,,,,,,,,,,,,
The Big -P.01-UP-20-April-26,E-SUB-B04-BAS01-1030,,,,,,,,,,,,,,,,,,
The Big -P.01-UP-20-April-26,E-APP-B04-BAS01-1040,,,,,,,,,,,,,,,,,,
The Big -P.01-UP-20-April-26,E-APP-B04-BAS01-1020,,,,,,,,,,,,,,,,,,
The Big -P.01-UP-20-April-26,CON-B04-WT-1090,,,,,,,,,,,,,,,,,,
The Big -P.01-UP-20-April-26,E-SUB-B03-BAS01-1030,,,,,,,,,,,,,,,,,,
The Big -P.01-UP-20-April-26,CON-B03-FOOT-1090,,,,,,,,,,,,,,,,,,
The Big -P.01-UP-20-April-26,CON-B03-BAS02-1010,,,,,,,,,,,,,,,,,,
The Big -P.01-UP-20-April-26,CON-B02-FOOT-1100,,,,,,,,,,,,,,,,,,
The Big -P.01-UP-20-April-26,CON-B01-FOOT-1090,,,,,,,,,,,,,,,,,,
The Big -P.01-UP-20-April-26,CON-B03-BAS02-1020,,,,,,,,,,,,,,,,,,
The Big -P.01-UP-20-April-26,CON-B04-WT-1100,,,,,,,,,,,,,,,,,,
The Big -P.01-UP-20-April-26,CON-B04-WT-1110,,,,,,,,,,,,,,,,,,
The Big -P.01-UP-20-April-26,CON-B04-FOOT-1040,,,,,,,,,,,,,,,,,,
The Big -P.01-UP-20-April-26,CON-B04-FOOT-1050,,,,,,,,,,,,,,,,,,
The Big -P.01-UP-20-April-26,CON-B04-FOOT-1060,,,,,,,,,,,,,,,,,,
The Big -P.01-UP-20-April-26,CON-B04-FOOT-1070,,,,,,,,,,,,,,,,,,
The Big -P.01-UP-20-April-26,CON-B04-FOOT-1080,,,,,,,,,,,,,,,,,,
The Big -P.01-UP-20-April-26,E-APP-B01-BAS01-1040,,,,,,,,,,,,,,,,,,
The Big -P.01-UP-20-April-26,CON-B03-BAS02-1030,,,,,,,,,,,,,,,,,,
The Big -P.01-UP-20-April-26,CON-B04-WT-1120,,,,,,,,,,,,,,,,,,
The Big -P.01-UP-20-April-26,CON-B04-WT-1130,,,,,,,,,,,,,,,,,,
The Big -P.01-UP-20-April-26,E-SUB-B01-GR-1010,,,,,,,,,,,,,,,,,,
The Big -P.01-UP-20-April-26,CON-B02-BAS02-1000,,,,,,,,,,,,,,,,,,
The Big -P.01-UP-20-April-26,CON-B02-BAS02-1010,,,,,,,,,,,,,,,,,,
The Big -P.01-UP-20-April-26,CON-B02-BAS02-1020,,,,,,,,,,,,,,,,,,
The Big -P.01-UP-20-April-26,CON-B01-FOOT-1080,,,,,,,,,,,,,,,,,,
The Big -P.01-UP-20-April-26,E-SUB-B04-GR-1020,,,,,,,,,,,,,,,,,,
The Big -P.01-UP-20-April-26,E-SUB-B03-GR-1020,,,,,,,,,,,,,,,,,,
The Big -P.01-UP-20-April-26,E-SUB-B02-GR-1020,,,,,,,,,,,,,,,,,,
The Big -P.01-UP-20-April-26,E-SUB-B01-GR-1020,,,,,,,,,,,,,,,,,,
The Big -P.01-UP-20-April-26,E-SUB-B04-1ST-1020,,,,,,,,,,,,,,,,,,
The Big -P.01-UP-20-April-26,E-SUB-B04-2ND-1020,,,,,,,,,,,,,,,,,,
The Big -P.01-UP-20-April-26,E-SUB-B04-3RD-1020,,,,,,,,,,,,,,,,,,
The Big -P.01-UP-20-April-26,E-SUB-B04-4TH-1020,,,,,,,,,,,,,,,,,,
The Big -P.01-UP-20-April-26,E-SUB-B04-5TH-1020,,,,,,,,,,,,,,,,,,
The Big -P.01-UP-20-April-26,E-SUB-B04-6TH-1020,,,,,,,,,,,,,,,,,,
The Big -P.01-UP-20-April-26,E-SUB-B04-7TH-1020,,,,,,,,,,,,,,,,,,
The Big -P.01-UP-20-April-26,E-SUB-B04-8TH-1020,,,,,,,,,,,,,,,,,,
The Big -P.01-UP-20-April-26,E-SUB-B03-1ST-1020,,,,,,,,,,,,,,,,,,
The Big -P.01-UP-20-April-26,E-SUB-B03-2ND-1020,,,,,,,,,,,,,,,,,,
The Big -P.01-UP-20-April-26,E-SUB-B03-3RD-1020,,,,,,,,,,,,,,,,,,
The Big -P.01-UP-20-April-26,E-SUB-B03-4TH-1020,,,,,,,,,,,,,,,,,,
The Big -P.01-UP-20-April-26,E-SUB-B02-1ST-1020,,,,,,,,,,,,,,,,,,
The Big -P.01-UP-20-April-26,E-SUB-B02-2ND-1020,,,,,,,,,,,,,,,,,,
The Big -P.01-UP-20-April-26,E-SUB-B02-3RD-1020,,,,,,,,,,,,,,,,,,
The Big -P.01-UP-20-April-26,E-SUB-B02-4TH-1020,,,,,,,,,,,,,,,,,,
The Big -P.01-UP-20-April-26,E-SUB-B01-1ST-1020,,,,,,,,,,,,,,,,,,
The Big -P.01-UP-20-April-26,E-SUB-B01-2ND-1020,,,,,,,,,,,,,,,,,,
The Big -P.01-UP-20-April-26,E-SUB-B01-3RD-1020,,,,,,,,,,,,,,,,,,
The Big -P.01-UP-20-April-26,E-SUB-B01-4TH-1020,,,,,,,,,,,,,,,,,,
The Big -P.01-UP-20-April-26,E-SUB-B01-5TH-1020,,,,,,,,,,,,,,,,,,
The Big -P.01-UP-20-April-26,E-SUB-B01-6TH-1020,,,,,,,,,,,,,,,,,,
The Big -P.01-UP-20-April-26,E-SUB-B01-7TH-1020,,,,,,,,,,,,,,,,,,
The Big -P.01-UP-20-April-26,E-SUB-B01-8TH-1020,,,,,,,,,,,,,,,,,,
The Big -P.01-UP-20-April-26,E-SUB-B04-RF-1010,,,,,,,,,,,,,,,,,,
The Big -P.01-UP-20-April-26,E-SUB-B03-RF-1010,,,,,,,,,,,,,,,,,,
The Big -P.01-UP-20-April-26,E-SUB-B02-RF-1010,,,,,,,,,,,,,,,,,,
The Big -P.01-UP-20-April-26,E-SUB-B01-RF-1010,,,,,,,,,,,,,,,,,,
The Big -P.01-UP-20-April-26,E-APP-B01-RF-1020,,,,,,,,,,,,,,,,,,
The Big -P.01-UP-20-April-26,E-SUB-B04-SOG-1000,,,,,,,,,,,,,,,,,,
The Big -P.01-UP-20-April-26,E-SUB-B03-SOG-1000,,,,,,,,,,,,,,,,,,
The Big -P.01-UP-20-April-26,E-SUB-B02-SOG-1000,,,,,,,,,,,,,,,,,,
The Big -P.01-UP-20-April-26,E-APP-B01-SOG-1000,,,,,,,,,,,,,,,,,,
The Big -P.01-UP-20-April-26,E-APP-B01-SOG-1010,,,,,,,,,,,,,,,,,,
The Big -P.01-UP-20-April-26,P-MDEL-1050,,,,,,,,,,,,,,,,,,
The Big -P.01-UP-20-April-26,P-MPOS-1060,,,,,,,,,,,,,,,,,,
The Big -P.01-UP-20-April-26,AB-SUB-B01-FOOT-1000,,,,,,,,,,,,,,,,,,
The Big -P.01-UP-20-April-26,AB-SUB-B02-FOOT-1000,,,,,,,,,,,,,,,,,,
The Big -P.01-UP-20-April-26,AB-SUB-B02-FOOT-1010,,,,,,,,,,,,,,,,,,
The Big -P.01-UP-20-April-26,AB-SUB-B03-FOOT-1000,,,,,,,,,,,,,,,,,,
The Big -P.01-UP-20-April-26,AB-SUB-B03-FOOT-1010,,,,,,,,,,,,,,,,,,
The Big -P.01-UP-20-April-26,AB-SUB-B04-FOOT-1000,,,,,,,,,,,,,,,,,,
The Big -P.01-UP-20-April-26,AB-SUB-B04-WT-1000,,,,,,,,,,,,,,,,,,
The Big -P.01-UP-20-April-26,AB-SUB-B04-WT-1010,,,,,,,,,,,,,,,,,,
The Big -P.01-UP-20-April-26,AB-SUB-B01-REP-1000,,,,,,,,,,,,,,,,,,
The Big -P.01-UP-20-April-26,AB-SUB-B02-REP-1000,,,,,,,,,,,,,,,,,,
The Big -P.01-UP-20-April-26,AB-SUB-B03-REP-1000,,,,,,,,,,,,,,,,,,
The Big -P.01-UP-20-April-26,AB-SUB-B04-REP-1000,,,,,,,,,,,,,,,,,,
The Big -P.01-UP-20-April-26,AB-SUB-B01-FOOT-1010,,,,,,,,,,,,,,,,,,
The Big -P.01-UP-20-April-26,P-MDEL-1170,,,,,,,,,,,,,,,,,,
The Big -P.01-UP-20-April-26,P-MPOS-1080,,,,,,,,,,,,,,,,,,
The Big -P.01-UP-20-April-26,P-MPOS-1090,,,,,,,,,,,,,,,,,,
The Big -P.01-UP-20-April-26,P-MPOS-1100,,,,,,,,,,,,,,,,,,
The Big -P.01-UP-20-April-26,P-MPOS-1110,,,,,,,,,,,,,,,,,,
The Big -P.01-UP-20-April-26,CON-B03-FOOT-1100,,,,,,,,,,,,,,,,,,
The Big -P.01-UP-20-April-26,AB-SUB-B01-FOOT-1020,,,,,,,,,,,,,,,,,,
The Big -P.01-UP-20-April-26,AB-SUB-B01-FOOT-1030,,,,,,,,,,,,,,,,,,
The Big -P.01-UP-20-April-26,AB-SUB-B02-FOOT-1020,,,,,,,,,,,,,,,,,,
The Big -P.01-UP-20-April-26,AB-SUB-B03-FOOT-1020,,,,,,,,,,,,,,,,,,
The Big -P.01-UP-20-April-26,AB-SUB-B04-WT-1020,,,,,,,,,,,,,,,,,,
The Big -P.01-UP-20-April-26,CON-B04-WT-1140,,,,,,,,,,,,,,,,,,
The Big -P.01-UP-20-April-26,CON-B04-FOOT-1090,,,,,,,,,,,,,,,,,,
The Big -P.01-UP-20-April-26,CON-B02-BAS02-1040,,,,,,,,,,,,,,,,,,
The Big -P.01-UP-20-April-26,E-SUB-B01-1ST-1030,,,,,,,,,,,,,,,,,,
The Big -P.01-UP-20-April-26,AB-SUB-B02-BAS2-1000,,,,,,,,,,,,,,,,,,
The Big -P.01-UP-20-April-26,P-MDEL-1120,,,,,,,,,,,,,,,,,,
The Big -P.01-UP-20-April-26,P-MDEL-1130,,,,,,,,,,,,,,,,,,
The Big -P.01-UP-20-April-26,P-MDEL-1150,,,,,,,,,,,,,,,,,,
The Big -P.01-UP-20-April-26,AB-SUB-B04-WT-1030,,,,,,,,,,,,,,,,,,
The Big -P.01-UP-20-April-26,CON-B01-FOOT-1100,,,,,,,,,,,,,,,,,,
The Big -P.01-UP-20-April-26,AB-SUB-B04-FOOT-1010,,,,,,,,,,,,,,,,,,
The Big -P.01-UP-20-April-26,E-SUB-B04-GR-1030,,,,,,,,,,,,,,,,,,
The Big -P.01-UP-20-April-26,E-SUB-B03-GR-1030,,,,,,,,,,,,,,,,,,
The Big -P.01-UP-20-April-26,E-SUB-B02-GR-1030,,,,,,,,,,,,,,,,,,
The Big -P.01-UP-20-April-26,E-SUB-B01-GR-1030,,,,,,,,,,,,,,,,,,
The Big -P.01-UP-20-April-26,E-SUB-B04-1ST-1030,,,,,,,,,,,,,,,,,,
The Big -P.01-UP-20-April-26,E-SUB-B04-2ND-1030,,,,,,,,,,,,,,,,,,
The Big -P.01-UP-20-April-26,E-SUB-B04-3RD-1030,,,,,,,,,,,,,,,,,,
The Big -P.01-UP-20-April-26,E-SUB-B04-4TH-1030,,,,,,,,,,,,,,,,,,
The Big -P.01-UP-20-April-26,E-SUB-B04-5TH-1030,,,,,,,,,,,,,,,,,,
The Big -P.01-UP-20-April-26,E-SUB-B04-6TH-1030,,,,,,,,,,,,,,,,,,
The Big -P.01-UP-20-April-26,E-SUB-B04-7TH-1030,,,,,,,,,,,,,,,,,,
The Big -P.01-UP-20-April-26,E-SUB-B04-8TH-1030,,,,,,,,,,,,,,,,,,
The Big -P.01-UP-20-April-26,E-SUB-B03-1ST-1030,,,,,,,,,,,,,,,,,,
The Big -P.01-UP-20-April-26,E-SUB-B03-2ND-1030,,,,,,,,,,,,,,,,,,
The Big -P.01-UP-20-April-26,E-SUB-B03-3RD-1030,,,,,,,,,,,,,,,,,,
The Big -P.01-UP-20-April-26,E-SUB-B03-4TH-1030,,,,,,,,,,,,,,,,,,
The Big -P.01-UP-20-April-26,E-SUB-B02-1ST-1030,,,,,,,,,,,,,,,,,,
The Big -P.01-UP-20-April-26,E-SUB-B02-2ND-1030,,,,,,,,,,,,,,,,,,
The Big -P.01-UP-20-April-26,E-SUB-B02-3RD-1030,,,,,,,,,,,,,,,,,,
The Big -P.01-UP-20-April-26,E-SUB-B02-4TH-1030,,,,,,,,,,,,,,,,,,
The Big -P.01-UP-20-April-26,E-SUB-B01-2ND-1030,,,,,,,,,,,,,,,,,,
The Big -P.01-UP-20-April-26,E-SUB-B01-3RD-1030,,,,,,,,,,,,,,,,,,
The Big -P.01-UP-20-April-26,E-SUB-B01-4TH-1030,,,,,,,,,,,,,,,,,,
The Big -P.01-UP-20-April-26,E-SUB-B01-5TH-1030,,,,,,,,,,,,,,,,,,
The Big -P.01-UP-20-April-26,E-SUB-B01-6TH-1030,,,,,,,,,,,,,,,,,,
The Big -P.01-UP-20-April-26,E-SUB-B01-7TH-1030,,,,,,,,,,,,,,,,,,
The Big -P.01-UP-20-April-26,E-SUB-B01-8TH-1030,,,,,,,,,,,,,,,,,,
The Big -P.01-UP-20-April-26,E-SUB-B04-RF-1020,,,,,,,,,,,,,,,,,,
The Big -P.01-UP-20-April-26,E-SUB-B03-RF-1020,,,,,,,,,,,,,,,,,,
The Big -P.01-UP-20-April-26,E-SUB-B02-RF-1020,,,,,,,,,,,,,,,,,,
The Big -P.01-UP-20-April-26,E-SUB-B04-SOG-1010,,,,,,,,,,,,,,,,,,
The Big -P.01-UP-20-April-26,E-SUB-B03-SOG-1010,,,,,,,,,,,,,,,,,,
The Big -P.01-UP-20-April-26,E-SUB-B02-SOG-1010,,,,,,,,,,,,,,,,,,
The Big -P.01-UP-20-April-26,AB-SUB-B03-BAS2-1000,,,,,,,,,,,,,,,,,,
The Big -P.01-UP-20-April-26,CON-B04-FOOT-1100,,,,,,,,,,,,,,,,,,
The Big -P.01-UP-20-April-26,AB-SUB-B04-FOOT-1020,,,,,,,,,,,,,,,,,,
The Big -P.01-UP-20-April-26,CON-B02-BAS02-1050,,,,,,,,,,,,,,,,,,
The Big -P.01-UP-20-April-26,CON-B02-BAS02-1060,,,,,,,,,,,,,,,,,,
The Big -P.01-UP-20-April-26,CON-B04-WT-1150,,,,,,,,,,,,,,,,,,
The Big -P.01-UP-20-April-26,P-MDEL-1160,,,,,,,,,,,,,,,,,,
The Big -P.01-UP-20-April-26,CON-B01-BAS02-1000,,,,,,,,,,,,,,,,,,
The Big -P.01-UP-20-April-26,CON-B01-BAS02-1010,,,,,,,,,,,,,,,,,,
The Big -P.01-UP-20-April-26,CON-B02-BAS02-1030,,,,,,,,,,,,,,,,,,
The Big -P.01-UP-20-April-26,CON-B04-BAS02-1000,,,,,,,,,,,,,,,,,,
The Big -P.01-UP-20-April-26,CON-B04-BAS02-1010,,,,,,,,,,,,,,,,,,
The Big -P.01-UP-20-April-26,CON-B04-WT-1160,,,,,,,,,,,,,,,,,,
The Big -P.01-UP-20-April-26,CON-B02-BAS02-1070,,,,,,,,,,,,,,,,,,
The Big -P.01-UP-20-April-26,P-MPOS-1120,,,,,,,,,,,,,,,,,,
The Big -P.01-UP-20-April-26,CON-B01-BAS02-1020,,,,,,,,,,,,,,,,,,
The Big -P.01-UP-20-April-26,E-APP-B04-SOG-1000,,,,,,,,,,,,,,,,,,
The Big -P.01-UP-20-April-26,CON-B03-BAS02-1040,,,,,,,,,,,,,,,,,,
The Big -P.01-UP-20-April-26,E-APP-B04-SOG-1010,,,,,,,,,,,,,,,,,,
The Big -P.01-UP-20-April-26,CON-B04-BAS02-1020,,,,,,,,,,,,,,,,,,
The Big -P.01-UP-20-April-26,CON-B04-WT-1170,,,,,,,,,,,,,,,,,,
The Big -P.01-UP-20-April-26,CON-B02-BAS02-1080,,,,,,,,,,,,,,,,,,
The Big -P.01-UP-20-April-26,CON-B03-BAS02-1050,,,,,,,,,,,,,,,,,,
The Big -P.01-UP-20-April-26,AB-SUB-B02-BAS2-1010,,,,,,,,,,,,,,,,,,
The Big -P.01-UP-20-April-26,AB-APP-B01-FOOT-1000,,,,,,,,,,,,,,,,,,
The Big -P.01-UP-20-April-26,AB-APP-B02-FOOT-1000,,,,,,,,,,,,,,,,,,
The Big -P.01-UP-20-April-26,AB-APP-B02-FOOT-1010,,,,,,,,,,,,,,,,,,
The Big -P.01-UP-20-April-26,AB-APP-B03-FOOT-1000,,,,,,,,,,,,,,,,,,
The Big -P.01-UP-20-April-26,AB-APP-B03-FOOT-1010,,,,,,,,,,,,,,,,,,
The Big -P.01-UP-20-April-26,AB-APP-B04-FOOT-1000,,,,,,,,,,,,,,,,,,
The Big -P.01-UP-20-April-26,AB-APP-B04-WT-1000,,,,,,,,,,,,,,,,,,
The Big -P.01-UP-20-April-26,AB-APP-B04-WT-1010,,,,,,,,,,,,,,,,,,
The Big -P.01-UP-20-April-26,AB-APP-B01-REP-1000,,,,,,,,,,,,,,,,,,
The Big -P.01-UP-20-April-26,AB-APP-B02-REP-1000,,,,,,,,,,,,,,,,,,
The Big -P.01-UP-20-April-26,AB-APP-B03-REP-1000,,,,,,,,,,,,,,,,,,
The Big -P.01-UP-20-April-26,AB-APP-B04-REP-1000,,,,,,,,,,,,,,,,,,
The Big -P.01-UP-20-April-26,AB-APP-B01-FOOT-1010,,,,,,,,,,,,,,,,,,
The Big -P.01-UP-20-April-26,AB-APP-B01-FOOT-1020,,,,,,,,,,,,,,,,,,
The Big -P.01-UP-20-April-26,AB-APP-B01-FOOT-1030,,,,,,,,,,,,,,,,,,
The Big -P.01-UP-20-April-26,AB-APP-B02-FOOT-1020,,,,,,,,,,,,,,,,,,
The Big -P.01-UP-20-April-26,AB-APP-B03-FOOT-1020,,,,,,,,,,,,,,,,,,
The Big -P.01-UP-20-April-26,AB-APP-B04-WT-1020,,,,,,,,,,,,,,,,,,
The Big -P.01-UP-20-April-26,CON-B04-WT-1180,,,,,,,,,,,,,,,,,,
The Big -P.01-UP-20-April-26,AB-SUB-B04-WT-1040,,,,,,,,,,,,,,,,,,
The Big -P.01-UP-20-April-26,CON-B02-BAS02-1100,,,,,,,,,,,,,,,,,,
The Big -P.01-UP-20-April-26,CON-B02-BAS02-1090,,,,,,,,,,,,,,,,,,
The Big -P.01-UP-20-April-26,CON-B03-BAS02-1060,,,,,,,,,,,,,,,,,,
The Big -P.01-UP-20-April-26,CON-B03-BAS02-1070,,,,,,,,,,,,,,,,,,
The Big -P.01-UP-20-April-26,AB-APP-B02-BAS2-1000,,,,,,,,,,,,,,,,,,
The Big -P.01-UP-20-April-26,AB-APP-B04-WT-1030,,,,,,,,,,,,,,,,,,
The Big -P.01-UP-20-April-26,AB-APP-B04-FOOT-1010,,,,,,,,,,,,,,,,,,
The Big -P.01-UP-20-April-26,P-MDEL-1110,,,,,,,,,,,,,,,,,,
The Big -P.01-UP-20-April-26,AB-APP-B03-BAS2-1000,,,,,,,,,,,,,,,,,,
The Big -P.01-UP-20-April-26,AB-SUB-B04-BAS2-1000,,,,,,,,,,,,,,,,,,
The Big -P.01-UP-20-April-26,AB-APP-B04-FOOT-1020,,,,,,,,,,,,,,,,,,
The Big -P.01-UP-20-April-26,AB-SUB-B02-BAS2-1020,,,,,,,,,,,,,,,,,,
The Big -P.01-UP-20-April-26,AB-SUB-B02-BAS2-1030,,,,,,,,,,,,,,,,,,
The Big -P.01-UP-20-April-26,CON-B02-BAS01-1000,,,,,,,,,,,,,,,,,,
The Big -P.01-UP-20-April-26,CON-B02-BAS01-1010,,,,,,,,,,,,,,,,,,
The Big -P.01-UP-20-April-26,E-APP-B02-GR-1020,,,,,,,,,,,,,,,,,,
The Big -P.01-UP-20-April-26,E-APP-B01-GR-1020,,,,,,,,,,,,,,,,,,
The Big -P.01-UP-20-April-26,E-APP-B02-1ST-1020,,,,,,,,,,,,,,,,,,
The Big -P.01-UP-20-April-26,E-APP-B02-2ND-1020,,,,,,,,,,,,,,,,,,
The Big -P.01-UP-20-April-26,E-APP-B02-3RD-1020,,,,,,,,,,,,,,,,,,
The Big -P.01-UP-20-April-26,E-APP-B02-4TH-1020,,,,,,,,,,,,,,,,,,
The Big -P.01-UP-20-April-26,E-APP-B01-1ST-1020,,,,,,,,,,,,,,,,,,
The Big -P.01-UP-20-April-26,E-APP-B01-2ND-1020,,,,,,,,,,,,,,,,,,
The Big -P.01-UP-20-April-26,E-APP-B01-3ED-1020,,,,,,,,,,,,,,,,,,
The Big -P.01-UP-20-April-26,E-APP-B01-4TH-1020,,,,,,,,,,,,,,,,,,
The Big -P.01-UP-20-April-26,E-APP-B01-5TH-1020,,,,,,,,,,,,,,,,,,
The Big -P.01-UP-20-April-26,E-APP-B01-6TH-1020,,,,,,,,,,,,,,,,,,
The Big -P.01-UP-20-April-26,E-APP-B01-7TH-1020,,,,,,,,,,,,,,,,,,
The Big -P.01-UP-20-April-26,E-APP-B01-8TH-1020,,,,,,,,,,,,,,,,,,
The Big -P.01-UP-20-April-26,E-APP-B02-RF-1010,,,,,,,,,,,,,,,,,,
The Big -P.01-UP-20-April-26,E-APP-B01-RF-1010,,,,,,,,,,,,,,,,,,
The Big -P.01-UP-20-April-26,E-APP-B04-GR-1020,,,,,,,,,,,,,,,,,,
The Big -P.01-UP-20-April-26,E-APP-B03-GR-1020,,,,,,,,,,,,,,,,,,
The Big -P.01-UP-20-April-26,E-APP-B04-1ST-1020,,,,,,,,,,,,,,,,,,
The Big -P.01-UP-20-April-26,E-APP-B04-2ND-1020,,,,,,,,,,,,,,,,,,
The Big -P.01-UP-20-April-26,E-APP-B04-2RD-1020,,,,,,,,,,,,,,,,,,
The Big -P.01-UP-20-April-26,E-APP-B04-4TH-1020,,,,,,,,,,,,,,,,,,
The Big -P.01-UP-20-April-26,E-APP-B04-5TH-1020,,,,,,,,,,,,,,,,,,
The Big -P.01-UP-20-April-26,E-APP-B04-6TH-1020,,,,,,,,,,,,,,,,,,
The Big -P.01-UP-20-April-26,E-APP-B04-7TH-1020,,,,,,,,,,,,,,,,,,
The Big -P.01-UP-20-April-26,E-APP-B04-8TH-1020,,,,,,,,,,,,,,,,,,
The Big -P.01-UP-20-April-26,E-APP-B03-1ST-1020,,,,,,,,,,,,,,,,,,
The Big -P.01-UP-20-April-26,E-APP-B03-2ND-1020,,,,,,,,,,,,,,,,,,
The Big -P.01-UP-20-April-26,E-APP-B03-3RD-1020,,,,,,,,,,,,,,,,,,
The Big -P.01-UP-20-April-26,E-APP-B03-4TH-1020,,,,,,,,,,,,,,,,,,
The Big -P.01-UP-20-April-26,E-APP-B04-RF-1010,,,,,,,,,,,,,,,,,,
The Big -P.01-UP-20-April-26,E-APP-B03-RF-1010,,,,,,,,,,,,,,,,,,
The Big -P.01-UP-20-April-26,E-APP-B02-SOG-1000,,,,,,,,,,,,,,,,,,
The Big -P.01-UP-20-April-26,E-APP-B03-SOG-1000,,,,,,,,,,,,,,,,,,
The Big -P.01-UP-20-April-26,CON-B04-WT-1190,,,,,,,,,,,,,,,,,,
The Big -P.01-UP-20-April-26,CON-B04-WT-1200,,,,,,,,,,,,,,,,,,
The Big -P.01-UP-20-April-26,CON-B03-BAS02-1080,,,,,,,,,,,,,,,,,,
The Big -P.01-UP-20-April-26,CON-B02-BAS01-1020,,,,,,,,,,,,,,,,,,
The Big -P.01-UP-20-April-26,E-APP-B01-1ST-1030,,,,,,,,,,,,,,,,,,
The Big -P.01-UP-20-April-26,E-APP-B02-GR-1030,,,,,,,,,,,,,,,,,,
The Big -P.01-UP-20-April-26,E-APP-B01-GR-1030,,,,,,,,,,,,,,,,,,
The Big -P.01-UP-20-April-26,E-APP-B02-1ST-1030,,,,,,,,,,,,,,,,,,
The Big -P.01-UP-20-April-26,E-APP-B02-2ND-1030,,,,,,,,,,,,,,,,,,
The Big -P.01-UP-20-April-26,E-APP-B02-3RD-1030,,,,,,,,,,,,,,,,,,
The Big -P.01-UP-20-April-26,E-APP-B02-4TH-1030,,,,,,,,,,,,,,,,,,
The Big -P.01-UP-20-April-26,E-APP-B01-2ND-1030,,,,,,,,,,,,,,,,,,
The Big -P.01-UP-20-April-26,E-APP-B01-3ED-1030,,,,,,,,,,,,,,,,,,
The Big -P.01-UP-20-April-26,E-APP-B01-4TH-1030,,,,,,,,,,,,,,,,,,
The Big -P.01-UP-20-April-26,E-APP-B01-5TH-1030,,,,,,,,,,,,,,,,,,
The Big -P.01-UP-20-April-26,E-APP-B01-6TH-1030,,,,,,,,,,,,,,,,,,
The Big -P.01-UP-20-April-26,E-APP-B01-7TH-1030,,,,,,,,,,,,,,,,,,
The Big -P.01-UP-20-April-26,E-APP-B01-8TH-1030,,,,,,,,,,,,,,,,,,
The Big -P.01-UP-20-April-26,E-APP-B02-RF-1020,,,,,,,,,,,,,,,,,,
The Big -P.01-UP-20-April-26,E-APP-B04-GR-1030,,,,,,,,,,,,,,,,,,
The Big -P.01-UP-20-April-26,E-APP-B03-GR-1030,,,,,,,,,,,,,,,,,,
The Big -P.01-UP-20-April-26,E-APP-B04-1ST-1030,,,,,,,,,,,,,,,,,,
The Big -P.01-UP-20-April-26,E-APP-B04-2ND-1030,,,,,,,,,,,,,,,,,,
The Big -P.01-UP-20-April-26,E-APP-B04-2RD-1030,,,,,,,,,,,,,,,,,,
The Big -P.01-UP-20-April-26,E-APP-B04-4TH-1030,,,,,,,,,,,,,,,,,,
The Big -P.01-UP-20-April-26,E-APP-B04-5TH-1030,,,,,,,,,,,,,,,,,,
The Big -P.01-UP-20-April-26,E-APP-B04-6TH-1030,,,,,,,,,,,,,,,,,,
The Big -P.01-UP-20-April-26,E-APP-B04-7TH-1030,,,,,,,,,,,,,,,,,,
The Big -P.01-UP-20-April-26,E-APP-B04-8TH-1030,,,,,,,,,,,,,,,,,,
The Big -P.01-UP-20-April-26,E-APP-B03-1ST-1030,,,,,,,,,,,,,,,,,,
The Big -P.01-UP-20-April-26,E-APP-B03-2ND-1030,,,,,,,,,,,,,,,,,,
The Big -P.01-UP-20-April-26,E-APP-B03-3RD-1030,,,,,,,,,,,,,,,,,,
The Big -P.01-UP-20-April-26,E-APP-B03-4TH-1030,,,,,,,,,,,,,,,,,,
The Big -P.01-UP-20-April-26,E-APP-B04-RF-1020,,,,,,,,,,,,,,,,,,
The Big -P.01-UP-20-April-26,E-APP-B03-RF-1020,,,,,,,,,,,,,,,,,,
The Big -P.01-UP-20-April-26,E-APP-B02-SOG-1010,,,,,,,,,,,,,,,,,,
The Big -P.01-UP-20-April-26,E-APP-B03-SOG-1010,,,,,,,,,,,,,,,,,,
The Big -P.01-UP-20-April-26,CON-B04-BAS02-1030,,,,,,,,,,,,,,,,,,
The Big -P.01-UP-20-April-26,CON-B03-BAS02-1090,,,,,,,,,,,,,,,,,,
The Big -P.01-UP-20-April-26,AB-SUB-B03-BAS2-1010,,,,,,,,,,,,,,,,,,
The Big -P.01-UP-20-April-26,CON-B01-BAS02-1030,,,,,,,,,,,,,,,,,,
The Big -P.01-UP-20-April-26,CON-B04-BAS02-1040,,,,,,,,,,,,,,,,,,
The Big -P.01-UP-20-April-26,CON-B04-WT-1210,,,,,,,,,,,,,,,,,,
The Big -P.01-UP-20-April-26,CON-B03-BAS02-1100,,,,,,,,,,,,,,,,,,
The Big -P.01-UP-20-April-26,AB-APP-B02-BAS2-1010,,,,,,,,,,,,,,,,,,
The Big -P.01-UP-20-April-26,CON-B04-BAS02-1050,,,,,,,,,,,,,,,,,,
The Big -P.01-UP-20-April-26,AB-APP-B04-WT-1040,,,,,,,,,,,,,,,,,,
The Big -P.01-UP-20-April-26,CON-B01-BAS02-1040,,,,,,,,,,,,,,,,,,
The Big -P.01-UP-20-April-26,AB-SUB-B01-BAS2-1000,,,,,,,,,,,,,,,,,,
The Big -P.01-UP-20-April-26,CON-B04-BAS02-1060,,,,,,,,,,,,,,,,,,
The Big -P.01-UP-20-April-26,CON-B04-BAS02-1070,,,,,,,,,,,,,,,,,,
The Big -P.01-UP-20-April-26,CON-B03-BAS01-1000,,,,,,,,,,,,,,,,,,
The Big -P.01-UP-20-April-26,AB-SUB-B03-BAS2-1020,,,,,,,,,,,,,,,,,,
The Big -P.01-UP-20-April-26,AB-SUB-B03-BAS2-1030,,,,,,,,,,,,,,,,,,
The Big -P.01-UP-20-April-26,P-MPOS-1130,,,,,,,,,,,,,,,,,,
The Big -P.01-UP-20-April-26,CON-B04-BAS02-1080,,,,,,,,,,,,,,,,,,
The Big -P.01-UP-20-April-26,CON-B01-BAS02-1050,,,,,,,,,,,,,,,,,,
The Big -P.01-UP-20-April-26,CON-B01-BAS02-1060,,,,,,,,,,,,,,,,,,
The Big -P.01-UP-20-April-26,CON-B04-BAS02-1090,,,,,,,,,,,,,,,,,,
The Big -P.01-UP-20-April-26,AB-APP-B04-BAS2-1000,,,,,,,,,,,,,,,,,,
The Big -P.01-UP-20-April-26,CON-B01-BAS02-1070,,,,,,,,,,,,,,,,,,
The Big -P.01-UP-20-April-26,AB-APP-B02-BAS2-1020,,,,,,,,,,,,,,,,,,
The Big -P.01-UP-20-April-26,AB-APP-B02-BAS2-1030,,,,,,,,,,,,,,,,,,
The Big -P.01-UP-20-April-26,CON-B01-BAS02-1080,,,,,,,,,,,,,,,,,,
The Big -P.01-UP-20-April-26,CON-B01-BAS02-1090,,,,,,,,,,,,,,,,,,
The Big -P.01-UP-20-April-26,CON-B02-BAS02-1110,,,,,,,,,,,,,,,,,,
The Big -P.01-UP-20-April-26,CON-B03-BAS01-1010,,,,,,,,,,,,,,,,,,
The Big -P.01-UP-20-April-26,CON-B04-BAS02-1100,,,,,,,,,,,,,,,,,,
The Big -P.01-UP-20-April-26,CON-B03-BAS02-1110,,,,,,,,,,,,,,,,,,
The Big -P.01-UP-20-April-26,CON-B02-BAS01-1030,,,,,,,,,,,,,,,,,,
The Big -P.01-UP-20-April-26,P-MDEL-1060,,,,,,,,,,,,,,,,,,
The Big -P.01-UP-20-April-26,CON-B04-BAS02-1110,,,,,,,,,,,,,,,,,,
The Big -P.01-UP-20-April-26,CON-B03-BAS01-1020,,,,,,,,,,,,,,,,,,
The Big -P.01-UP-20-April-26,AB-SUB-B04-BAS2-1010,,,,,,,,,,,,,,,,,,
The Big -P.01-UP-20-April-26,CON-B02-BAS01-1040,,,,,,,,,,,,,,,,,,
The Big -P.01-UP-20-April-26,AB-SUB-B02-BAS1-1000,,,,,,,,,,,,,,,,,,
The Big -P.01-UP-20-April-26,AB-APP-B03-BAS2-1010,,,,,,,,,,,,,,,,,,
The Big -P.01-UP-20-April-26,AB-SUB-B04-BAS2-1020,,,,,,,,,,,,,,,,,,
The Big -P.01-UP-20-April-26,CON-B04-BAS02-1150,,,,,,,,,,,,,,,,,,
The Big -P.01-UP-20-April-26,CON-B01-BAS02-1100,,,,,,,,,,,,,,,,,,
The Big -P.01-UP-20-April-26,CON-B04-BAS02-1130,,,,,,,,,,,,,,,,,,
The Big -P.01-UP-20-April-26,CON-B02-BAS01-1050,,,,,,,,,,,,,,,,,,
The Big -P.01-UP-20-April-26,CON-B02-BAS01-1060,,,,,,,,,,,,,,,,,,
The Big -P.01-UP-20-April-26,CON-B01-BAS02-1110,,,,,,,,,,,,,,,,,,
The Big -P.01-UP-20-April-26,AB-SUB-B01-BAS2-1010,,,,,,,,,,,,,,,,,,
The Big -P.01-UP-20-April-26,AB-APP-B01-BAS2-1000,,,,,,,,,,,,,,,,,,
The Big -P.01-UP-20-April-26,CON-B04-BAS01-1000,,,,,,,,,,,,,,,,,,
The Big -P.01-UP-20-April-26,CON-B04-BAS01-1010,,,,,,,,,,,,,,,,,,
The Big -P.01-UP-20-April-26,CON-B04-BAS02-1120,,,,,,,,,,,,,,,,,,
The Big -P.01-UP-20-April-26,AB-SUB-B04-BAS2-1030,,,,,,,,,,,,,,,,,,
The Big -P.01-UP-20-April-26,AB-SUB-B04-BAS2-1040,,,,,,,,,,,,,,,,,,
The Big -P.01-UP-20-April-26,CON-B01-FOOT-1110,,,,,,,,,,,,,,,,,,
The Big -P.01-UP-20-April-26,CON-B02-FOOT-1110,,,,,,,,,,,,,,,,,,
The Big -P.01-UP-20-April-26,CON-B04-FOOT-1110,,,,,,,,,,,,,,,,,,
The Big -P.01-UP-20-April-26,CON-B03-FOOT-1110,,,,,,,,,,,,,,,,,,
The Big -P.01-UP-20-April-26,CON-B01-BAS02-1130,,,,,,,,,,,,,,,,,,
The Big -P.01-UP-20-April-26,CON-B02-BAS01-1070,,,,,,,,,,,,,,,,,,
The Big -P.01-UP-20-April-26,AB-APP-B03-BAS2-1020,,,,,,,,,,,,,,,,,,
The Big -P.01-UP-20-April-26,AB-APP-B03-BAS2-1030,,,,,,,,,,,,,,,,,,
The Big -P.01-UP-20-April-26,AB-SUB-B01-BAS2-1020,,,,,,,,,,,,,,,,,,
The Big -P.01-UP-20-April-26,123456,,,,,,,,,,,,,,,,,,
The Big -P.01-UP-20-April-26,CON-B01-BAS02-1120,,,,,,,,,,,,,,,,,,
The Big -P.01-UP-20-April-26,AB-SUB-B01-BAS2-1030,,,,,,,,,,,,,,,,,,
The Big -P.01-UP-20-April-26,AB-SUB-B01-BAS2-1040,,,,,,,,,,,,,,,,,,
The Big -P.01-UP-20-April-26,CON-B01-FOOT-1120,,,,,,,,,,,,,,,,,,
The Big -P.01-UP-20-April-26,CON-B02-FOOT-1120,,,,,,,,,,,,,,,,,,
The Big -P.01-UP-20-April-26,CON-B04-FOOT-1120,,,,,,,,,,,,,,,,,,
The Big -P.01-UP-20-April-26,CON-B03-FOOT-1120,,,,,,,,,,,,,,,,,,
The Big -P.01-UP-20-April-26,AB-SUB-B02-FOOT-1030,,,,,,,,,,,,,,,,,,
The Big -P.01-UP-20-April-26,AB-SUB-B03-FOOT-1030,,,,,,,,,,,,,,,,,,
The Big -P.01-UP-20-April-26,AB-SUB-B04-FOOT-1030,,,,,,,,,,,,,,,,,,
The Big -P.01-UP-20-April-26,CON-B04-BAS01-1020,,,,,,,,,,,,,,,,,,
The Big -P.01-UP-20-April-26,CON-B01-BAS01-1000,,,,,,,,,,,,,,,,,,
The Big -P.01-UP-20-April-26,CON-B01-BAS01-1010,,,,,,,,,,,,,,,,,,
The Big -P.01-UP-20-April-26,CON-B02-BAS01-1080,,,,,,,,,,,,,,,,,,
The Big -P.01-UP-20-April-26,P-MDEL-1100,,,,,,,,,,,,,,,,,,
The Big -P.01-UP-20-April-26,CON-B03-BAS01-1030,,,,,,,,,,,,,,,,,,
The Big -P.01-UP-20-April-26,CON-B03-SOG-1000,,,,,,,,,,,,,,,,,,
The Big -P.01-UP-20-April-26,AB-APP-B04-BAS2-1010,,,,,,,,,,,,,,,,,,
The Big -P.01-UP-20-April-26,CON-B02-BAS01-1100,,,,,,,,,,,,,,,,,,
The Big -P.01-UP-20-April-26,CON-B01-BAS01-1020,,,,,,,,,,,,,,,,,,
The Big -P.01-UP-20-April-26,CON-B02-BAS01-1090,,,,,,,,,,,,,,,,,,
The Big -P.01-UP-20-April-26,AB-SUB-B02-BAS1-1010,,,,,,,,,,,,,,,,,,
The Big -P.01-UP-20-April-26,AB-APP-B02-BAS1-1000,,,,,,,,,,,,,,,,,,
The Big -P.01-UP-20-April-26,AB-APP-B04-BAS2-1020,,,,,,,,,,,,,,,,,,
The Big -P.01-UP-20-April-26,CON-B03-BAS01-1040,,,,,,,,,,,,,,,,,,
The Big -P.01-UP-20-April-26,AB-SUB-B03-BAS1-1000,,,,,,,,,,,,,,,,,,
The Big -P.01-UP-20-April-26,CON-B04-BAS01-1030,,,,,,,,,,,,,,,,,,
The Big -P.01-UP-20-April-26,CON-B04-BAS02-1140,,,,,,,,,,,,,,,,,,
The Big -P.01-UP-20-April-26,AB-SUB-B02-BAS1-1020,,,,,,,,,,,,,,,,,,
The Big -P.01-UP-20-April-26,AB-SUB-B02-BAS1-1030,,,,,,,,,,,,,,,,,,
The Big -P.01-UP-20-April-26,P-MPOS-1140,,,,,,,,,,,,,,,,,,
The Big -P.01-UP-20-April-26,CON-B03-BAS01-1050,,,,,,,,,,,,,,,,,,
The Big -P.01-UP-20-April-26,AB-APP-B01-BAS2-1010,,,,,,,,,,,,,,,,,,
The Big -P.01-UP-20-April-26,CON-B04-BAS01-1040,,,,,,,,,,,,,,,,,,
The Big -P.01-UP-20-April-26,CON-B04-BAS01-1050,,,,,,,,,,,,,,,,,,
The Big -P.01-UP-20-April-26,AB-SUB-B04-BAS1-1000,,,,,,,,,,,,,,,,,,
The Big -P.01-UP-20-April-26,AB-APP-B04-BAS2-1030,,,,,,,,,,,,,,,,,,
The Big -P.01-UP-20-April-26,AB-APP-B04-BAS2-1040,,,,,,,,,,,,,,,,,,
The Big -P.01-UP-20-April-26,CON-B03-BAS01-1060,,,,,,,,,,,,,,,,,,
The Big -P.01-UP-20-April-26,CON-B02-GR-1000,,,,,,,,,,,,,,,,,,
The Big -P.01-UP-20-April-26,CON-B02-GR-1010,,,,,,,,,,,,,,,,,,
The Big -P.01-UP-20-April-26,AB-APP-B01-BAS2-1020,,,,,,,,,,,,,,,,,,
The Big -P.01-UP-20-April-26,CON-B04-BAS01-1060,,,,,,,,,,,,,,,,,,
The Big -P.01-UP-20-April-26,CON-B03-BAS01-1070,,,,,,,,,,,,,,,,,,
The Big -P.01-UP-20-April-26,CON-B03-SOG-1010,,,,,,,,,,,,,,,,,,
The Big -P.01-UP-20-April-26,AB-APP-B01-BAS2-1030,,,,,,,,,,,,,,,,,,
The Big -P.01-UP-20-April-26,AB-APP-B01-BAS2-1040,,,,,,,,,,,,,,,,,,
The Big -P.01-UP-20-April-26,CON-B02-GR-1020,,,,,,,,,,,,,,,,,,
The Big -P.01-UP-20-April-26,AB-APP-B03-FOOT-1030,,,,,,,,,,,,,,,,,,
The Big -P.01-UP-20-April-26,AB-APP-B04-FOOT-1030,,,,,,,,,,,,,,,,,,
The Big -P.01-UP-20-April-26,AB-APP-B02-FOOT-1030,,,,,,,,,,,,,,,,,,
The Big -P.01-UP-20-April-26,CON-B04-BAS01-1070,,,,,,,,,,,,,,,,,,
The Big -P.01-UP-20-April-26,CON-B01-BAS02-1140,,,,,,,,,,,,,,,,,,
The Big -P.01-UP-20-April-26,CON-B03-SOG-1020,,,,,,,,,,,,,,,,,,
The Big -P.01-UP-20-April-26,CON-B04-BAS01-1080,,,,,,,,,,,,,,,,,,
The Big -P.01-UP-20-April-26,CON-B04-SOG-1000,,,,,,,,,,,,,,,,,,
The Big -P.01-UP-20-April-26,CON-B04-BAS01-1090,,,,,,,,,,,,,,,,,,
The Big -P.01-UP-20-April-26,CON-B01-BAS01-1030,,,,,,,,,,,,,,,,,,
The Big -P.01-UP-20-April-26,CON-B03-BAS01-1080,,,,,,,,,,,,,,,,,,
The Big -P.01-UP-20-April-26,AB-APP-B02-BAS1-1010,,,,,,,,,,,,,,,,,,
The Big -P.01-UP-20-April-26,CON-B03-BAS01-1090,,,,,,,,,,,,,,,,,,
The Big -P.01-UP-20-April-26,CON-B03-SOG-1030,,,,,,,,,,,,,,,,,,
The Big -P.01-UP-20-April-26,AB-APP-B03-BAS1-1000,,,,,,,,,,,,,,,,,,
The Big -P.01-UP-20-April-26,CON-B03-BAS01-1100,,,,,,,,,,,,,,,,,,
The Big -P.01-UP-20-April-26,CON-B01-BAS01-1040,,,,,,,,,,,,,,,,,,
The Big -P.01-UP-20-April-26,AB-SUB-B03-BAS1-1010,,,,,,,,,,,,,,,,,,
The Big -P.01-UP-20-April-26,AB-SUB-B01-BAS1-1000,,,,,,,,,,,,,,,,,,
The Big -P.01-UP-20-April-26,AB-APP-B02-BAS1-1020,,,,,,,,,,,,,,,,,,
The Big -P.01-UP-20-April-26,AB-APP-B02-BAS1-1030,,,,,,,,,,,,,,,,,,
The Big -P.01-UP-20-April-26,AB-SUB-B03-BAS1-1020,,,,,,,,,,,,,,,,,,
The Big -P.01-UP-20-April-26,AB-SUB-B03-BAS1-1030,,,,,,,,,,,,,,,,,,
The Big -P.01-UP-20-April-26,CON-B04-BAS01-1120,,,,,,,,,,,,,,,,,,
The Big -P.01-UP-20-April-26,CON-B04-BAS01-1100,,,,,,,,,,,,,,,,,,
The Big -P.01-UP-20-April-26,CON-B04-BAS01-1110,,,,,,,,,,,,,,,,,,
The Big -P.01-UP-20-April-26,AB-APP-B04-BAS1-1000,,,,,,,,,,,,,,,,,,
The Big -P.01-UP-20-April-26,CON-B01-BAS01-1050,,,,,,,,,,,,,,,,,,
The Big -P.01-UP-20-April-26,CON-B01-BAS01-1060,,,,,,,,,,,,,,,,,,
The Big -P.01-UP-20-April-26,CON-B02-BAS01-1110,,,,,,,,,,,,,,,,,,
The Big -P.01-UP-20-April-26,CON-B04-SOG-1010,,,,,,,,,,,,,,,,,,
The Big -P.01-UP-20-April-26,CON-B01-BAS01-1070,,,,,,,,,,,,,,,,,,
The Big -P.01-UP-20-April-26,CON-B04-BAS01-1130,,,,,,,,,,,,,,,,,,
The Big -P.01-UP-20-April-26,CON-B04-GR-1000,,,,,,,,,,,,,,,,,,
The Big -P.01-UP-20-April-26,AB-SUB-B04-BAS1-1030,,,,,,,,,,,,,,,,,,
The Big -P.01-UP-20-April-26,AB-SUB-B04-BAS1-1040,,,,,,,,,,,,,,,,,,
The Big -P.01-UP-20-April-26,AB-SUB-B04-BAS1-1010,,,,,,,,,,,,,,,,,,
The Big -P.01-UP-20-April-26,AB-SUB-B04-BAS1-1020,,,,,,,,,,,,,,,,,,
The Big -P.01-UP-20-April-26,CON-B04-BAS01-1150,,,,,,,,,,,,,,,,,,
The Big -P.01-UP-20-April-26,CON-B04-SOG-1020,,,,,,,,,,,,,,,,,,
The Big -P.01-UP-20-April-26,CON-B03-SOG-1040,,,,,,,,,,,,,,,,,,
The Big -P.01-UP-20-April-26,CON-B03-GR-1000,,,,,,,,,,,,,,,,,,
The Big -P.01-UP-20-April-26,CON-B03-GR-1010,,,,,,,,,,,,,,,,,,
The Big -P.01-UP-20-April-26,CON-B01-BAS01-1080,,,,,,,,,,,,,,,,,,
The Big -P.01-UP-20-April-26,CON-B02-GR-1030,,,,,,,,,,,,,,,,,,
The Big -P.01-UP-20-April-26,CON-B01-BAS01-1090,,,,,,,,,,,,,,,,,,
The Big -P.01-UP-20-April-26,CON-B04-GR-1010,,,,,,,,,,,,,,,,,,
The Big -P.01-UP-20-April-26,CON-B03-GR-1020,,,,,,,,,,,,,,,,,,
The Big -P.01-UP-20-April-26,AB-SUB-B02-GR-1000,,,,,,,,,,,,,,,,,,
The Big -P.01-UP-20-April-26,CON-B04-GR-1020,,,,,,,,,,,,,,,,,,
The Big -P.01-UP-20-April-26,CON-B02-GR-1050,,,,,,,,,,,,,,,,,,
The Big -P.01-UP-20-April-26,CON-B04-SOG-1030,,,,,,,,,,,,,,,,,,
The Big -P.01-UP-20-April-26,CON-B03-BAS01-1110,,,,,,,,,,,,,,,,,,
The Big -P.01-UP-20-April-26,CON-B02-GR-1070,,,,,,,,,,,,,,,,,,
The Big -P.01-UP-20-April-26,CON-B01-BAS01-1100,,,,,,,,,,,,,,,,,,
The Big -P.01-UP-20-April-26,CON-B03-SOG-1050,,,,,,,,,,,,,,,,,,
The Big -P.01-UP-20-April-26,CON-B02-GR-1040,,,,,,,,,,,,,,,,,,
The Big -P.01-UP-20-April-26,CON-B01-BAS01-1110,,,,,,,,,,,,,,,,,,
The Big -P.01-UP-20-April-26,CON-B03-SOG-1060,,,,,,,,,,,,,,,,,,
The Big -P.01-UP-20-April-26,AB-APP-B01-BAS1-1000,,,,,,,,,,,,,,,,,,
The Big -P.01-UP-20-April-26,AB-APP-B03-BAS1-1010,,,,,,,,,,,,,,,,,,
The Big -P.01-UP-20-April-26,CON-B01-BAS01-1120,,,,,,,,,,,,,,,,,,
The Big -P.01-UP-20-April-26,CON-B02-GR-1060,,,,,,,,,,,,,,,,,,
The Big -P.01-UP-20-April-26,CON-B01-BAS01-1130,,,,,,,,,,,,,,,,,,
The Big -P.01-UP-20-April-26,AB-SUB-B01-BAS1-1010,,,,,,,,,,,,,,,,,,
The Big -P.01-UP-20-April-26,AB-APP-B03-BAS1-1020,,,,,,,,,,,,,,,,,,
The Big -P.01-UP-20-April-26,AB-APP-B03-BAS1-1030,,,,,,,,,,,,,,,,,,
The Big -P.01-UP-20-April-26,CON-B04-SOG-1040,,,,,,,,,,,,,,,,,,
The Big -P.01-UP-20-April-26,CON-B01-GR-1000,,,,,,,,,,,,,,,,,,
The Big -P.01-UP-20-April-26,CON-B01-GR-1010,,,,,,,,,,,,,,,,,,
The Big -P.01-UP-20-April-26,CON-B03-GR-1030,,,,,,,,,,,,,,,,,,
The Big -P.01-UP-20-April-26,AB-SUB-B01-BAS1-1020,,,,,,,,,,,,,,,,,,
The Big -P.01-UP-20-April-26,AB-SUB-B01-BAS1-1030,,,,,,,,,,,,,,,,,,
The Big -P.01-UP-20-April-26,AB-SUB-B03-SOG-1000,,,,,,,,,,,,,,,,,,
The Big -P.01-UP-20-April-26,CON-B04-GR-1030,,,,,,,,,,,,,,,,,,
The Big -P.01-UP-20-April-26,AB-SUB-B01-BAS1-1040,,,,,,,,,,,,,,,,,,
The Big -P.01-UP-20-April-26,CON-B01-BAS01-1150,,,,,,,,,,,,,,,,,,
The Big -P.01-UP-20-April-26,P-MDEL-1090,,,,,,,,,,,,,,,,,,
The Big -P.01-UP-20-April-26,CON-B04-BAS01-1140,,,,,,,,,,,,,,,,,,
The Big -P.01-UP-20-April-26,AB-APP-B04-BAS1-1030,,,,,,,,,,,,,,,,,,
The Big -P.01-UP-20-April-26,AB-APP-B04-BAS1-1040,,,,,,,,,,,,,,,,,,
The Big -P.01-UP-20-April-26,AB-APP-B04-BAS1-1010,,,,,,,,,,,,,,,,,,
The Big -P.01-UP-20-April-26,AB-APP-B04-BAS1-1020,,,,,,,,,,,,,,,,,,
The Big -P.01-UP-20-April-26,CON-B01-GR-1020,,,,,,,,,,,,,,,,,,
The Big -P.01-UP-20-April-26,CON-B03-GR-1040,,,,,,,,,,,,,,,,,,
The Big -P.01-UP-20-April-26,AB-SUB-B03-GR-1000,,,,,,,,,,,,,,,,,,
The Big -P.01-UP-20-April-26,P-MPOS-1150,,,,,,,,,,,,,,,,,,
The Big -P.01-UP-20-April-26,CON-B04-GR-1040,,,,,,,,,,,,,,,,,,
The Big -P.01-UP-20-April-26,AB-SUB-B04-GR-1000,,,,,,,,,,,,,,,,,,
The Big -P.01-UP-20-April-26,CON-B02-GR-1080,,,,,,,,,,,,,,,,,,
The Big -P.01-UP-20-April-26,CON-B03-GR-1050,,,,,,,,,,,,,,,,,,
The Big -P.01-UP-20-April-26,AB-SUB-B03-SOG-1010,,,,,,,,,,,,,,,,,,
The Big -P.01-UP-20-April-26,CON-B04-GR-1050,,,,,,,,,,,,,,,,,,
The Big -P.01-UP-20-April-26,CON-B04-SOG-1050,,,,,,,,,,,,,,,,,,
The Big -P.01-UP-20-April-26,CON-B03-GR-1060,,,,,,,,,,,,,,,,,,
The Big -P.01-UP-20-April-26,AB-APP-B02-GR-1000,,,,,,,,,,,,,,,,,,
The Big -P.01-UP-20-April-26,CON-B04-GR-1060,,,,,,,,,,,,,,,,,,
The Big -P.01-UP-20-April-26,CON-B04-SOG-1060,,,,,,,,,,,,,,,,,,
The Big -P.01-UP-20-April-26,CON-B02-GR-1090,,,,,,,,,,,,,,,,,,
The Big -P.01-UP-20-April-26,CON-B03-GR-1070,,,,,,,,,,,,,,,,,,
The Big -P.01-UP-20-April-26,AB-SUB-B02-GR-1010,,,,,,,,,,,,,,,,,,
The Big -P.01-UP-20-April-26,CON-B04-GR-1070,,,,,,,,,,,,,,,,,,
The Big -P.01-UP-20-April-26,CON-B03-GR-1080,,,,,,,,,,,,,,,,,,
The Big -P.01-UP-20-April-26,CON-B03-GR-1090,,,,,,,,,,,,,,,,,,
The Big -P.01-UP-20-April-26,CON-B04-GR-1080,,,,,,,,,,,,,,,,,,
The Big -P.01-UP-20-April-26,CON-B04-GR-1090,,,,,,,,,,,,,,,,,,
The Big -P.01-UP-20-April-26,CON-B02-GR-1100,,,,,,,,,,,,,,,,,,
The Big -P.01-UP-20-April-26,AB-APP-B01-BAS1-1010,,,,,,,,,,,,,,,,,,
The Big -P.01-UP-20-April-26,CON-B01-GR-1030,,,,,,,,,,,,,,,,,,
The Big -P.01-UP-20-April-26,CON-B03-GR-1100,,,,,,,,,,,,,,,,,,
The Big -P.01-UP-20-April-26,AB-SUB-B03-GR-1010,,,,,,,,,,,,,,,,,,
The Big -P.01-UP-20-April-26,AB-SUB-B03-GR-1020,,,,,,,,,,,,,,,,,,
The Big -P.01-UP-20-April-26,AB-SUB-B03-GR-1030,,,,,,,,,,,,,,,,,,
The Big -P.01-UP-20-April-26,AB-APP-B01-BAS1-1020,,,,,,,,,,,,,,,,,,
The Big -P.01-UP-20-April-26,AB-APP-B01-BAS1-1030,,,,,,,,,,,,,,,,,,
The Big -P.01-UP-20-April-26,AB-APP-B03-SOG-1000,,,,,,,,,,,,,,,,,,
The Big -P.01-UP-20-April-26,CON-B04-GR-1100,,,,,,,,,,,,,,,,,,
The Big -P.01-UP-20-April-26,AB-SUB-B04-GR-1010,,,,,,,,,,,,,,,,,,
The Big -P.01-UP-20-April-26,AB-SUB-B04-GR-1020,,,,,,,,,,,,,,,,,,
The Big -P.01-UP-20-April-26,AB-SUB-B04-GR-1030,,,,,,,,,,,,,,,,,,
The Big -P.01-UP-20-April-26,AB-SUB-B02-GR-1020,,,,,,,,,,,,,,,,,,
The Big -P.01-UP-20-April-26,AB-SUB-B02-GR-1030,,,,,,,,,,,,,,,,,,
The Big -P.01-UP-20-April-26,AB-APP-B01-BAS1-1040,,,,,,,,,,,,,,,,,,
The Big -P.01-UP-20-April-26,CON-B01-BAS01-1140,,,,,,,,,,,,,,,,,,
The Big -P.01-UP-20-April-26,AB-SUB-B01-GR-1000,,,,,,,,,,,,,,,,,,
The Big -P.01-UP-20-April-26,AB-APP-B03-GR-1000,,,,,,,,,,,,,,,,,,
The Big -P.01-UP-20-April-26,AB-APP-B04-GR-1000,,,,,,,,,,,,,,,,,,
The Big -P.01-UP-20-April-26,AB-SUB-B04-SOG-1000,,,,,,,,,,,,,,,,,,
The Big -P.01-UP-20-April-26,AB-SUB-B04-SOG-1010,,,,,,,,,,,,,,,,,,
The Big -P.01-UP-20-April-26,CON-B01-GR-1050,,,,,,,,,,,,,,,,,,
The Big -P.01-UP-20-April-26,AB-APP-B03-SOG-1010,,,,,,,,,,,,,,,,,,
The Big -P.01-UP-20-April-26,CON-B01-GR-1070,,,,,,,,,,,,,,,,,,
The Big -P.01-UP-20-April-26,CON-B01-GR-1040,,,,,,,,,,,,,,,,,,
The Big -P.01-UP-20-April-26,AB-APP-B02-GR-1010,,,,,,,,,,,,,,,,,,
The Big -P.01-UP-20-April-26,CON-B01-GR-1060,,,,,,,,,,,,,,,,,,
The Big -P.01-UP-20-April-26,CON-B01-SOG-1000,,,,,,,,,,,,,,,,,,
The Big -P.01-UP-20-April-26,CON-B04-GR-1110,,,,,,,,,,,,,,,,,,
The Big -P.01-UP-20-April-26,CON-B01-SOG-1010,,,,,,,,,,,,,,,,,,
The Big -P.01-UP-20-April-26,AB-APP-B03-GR-1010,,,,,,,,,,,,,,,,,,
The Big -P.01-UP-20-April-26,AB-APP-B03-GR-1020,,,,,,,,,,,,,,,,,,
The Big -P.01-UP-20-April-26,AB-APP-B03-GR-1030,,,,,,,,,,,,,,,,,,
The Big -P.01-UP-20-April-26,P-MPOS-1160,,,,,,,,,,,,,,,,,,
The Big -P.01-UP-20-April-26,AB-APP-B04-GR-1010,,,,,,,,,,,,,,,,,,
The Big -P.01-UP-20-April-26,AB-APP-B04-GR-1020,,,,,,,,,,,,,,,,,,
The Big -P.01-UP-20-April-26,AB-APP-B04-GR-1030,,,,,,,,,,,,,,,,,,
The Big -P.01-UP-20-April-26,AB-APP-B02-GR-1020,,,,,,,,,,,,,,,,,,
The Big -P.01-UP-20-April-26,AB-APP-B02-GR-1030,,,,,,,,,,,,,,,,,,
The Big -P.01-UP-20-April-26,CON-B03-GR-1110,,,,,,,,,,,,,,,,,,
The Big -P.01-UP-20-April-26,CON-B01-GR-1080,,,,,,,,,,,,,,,,,,
The Big -P.01-UP-20-April-26,CON-B02-1ST-1000,,,,,,,,,,,,,,,,,,
The Big -P.01-UP-20-April-26,AB-APP-B01-GR-1000,,,,,,,,,,,,,,,,,,
The Big -P.01-UP-20-April-26,CON-B02-GR-1110,,,,,,,,,,,,,,,,,,
The Big -P.01-UP-20-April-26,AB-APP-B04-SOG-1000,,,,,,,,,,,,,,,,,,
The Big -P.01-UP-20-April-26,AB-APP-B04-SOG-1010,,,,,,,,,,,,,,,,,,
The Big -P.01-UP-20-April-26,CON-B02-SOG-1000,,,,,,,,,,,,,,,,,,
The Big -P.01-UP-20-April-26,CON-B01-GR-1100,,,,,,,,,,,,,,,,,,
The Big -P.01-UP-20-April-26,AB-SUB-B01-GR-1010,,,,,,,,,,,,,,,,,,
The Big -P.01-UP-20-April-26,CON-B02-1ST-1010,,,,,,,,,,,,,,,,,,
The Big -P.01-UP-20-April-26,CON-B01-SOG-1020,,,,,,,,,,,,,,,,,,
The Big -P.01-UP-20-April-26,CON-B01-GR-1090,,,,,,,,,,,,,,,,,,
The Big -P.01-UP-20-April-26,CON-B03-1ST-1000,,,,,,,,,,,,,,,,,,
The Big -P.01-UP-20-April-26,KD-MS-1040,,,,,,,,,,,,,,,,,,
The Big -P.01-UP-20-April-26,CON-B01-1ST-1000,,,,,,,,,,,,,,,,,,
The Big -P.01-UP-20-April-26,CON-B02-1ST-1020,,,,,,,,,,,,,,,,,,
The Big -P.01-UP-20-April-26,CON-B04-1ST-1000,,,,,,,,,,,,,,,,,,
The Big -P.01-UP-20-April-26,AB-SUB-B01-GR-1020,,,,,,,,,,,,,,,,,,
The Big -P.01-UP-20-April-26,AB-SUB-B01-GR-1030,,,,,,,,,,,,,,,,,,
The Big -P.01-UP-20-April-26,CON-B03-1ST-1010,,,,,,,,,,,,,,,,,,
The Big -P.01-UP-20-April-26,CON-B02-SOG-1010,,,,,,,,,,,,,,,,,,
The Big -P.01-UP-20-April-26,CON-B01-SOG-1030,,,,,,,,,,,,,,,,,,
The Big -P.01-UP-20-April-26,CON-B01-1ST-1010,,,,,,,,,,,,,,,,,,
The Big -P.01-UP-20-April-26,CON-B04-1ST-1010,,,,,,,,,,,,,,,,,,
The Big -P.01-UP-20-April-26,P-MDEL-1080,,,,,,,,,,,,,,,,,,
The Big -P.01-UP-20-April-26,CON-B02-SOG-1020,,,,,,,,,,,,,,,,,,
The Big -P.01-UP-20-April-26,CON-B04-1ST-1020,,,,,,,,,,,,,,,,,,
The Big -P.01-UP-20-April-26,CON-B01-1ST-1020,,,,,,,,,,,,,,,,,,
The Big -P.01-UP-20-April-26,CON-B03-1ST-1020,,,,,,,,,,,,,,,,,,
The Big -P.01-UP-20-April-26,CON-B01-SOG-1040,,,,,,,,,,,,,,,,,,
The Big -P.01-UP-20-April-26,AB-APP-B01-GR-1010,,,,,,,,,,,,,,,,,,
The Big -P.01-UP-20-April-26,CON-B02-1ST-1030,,,,,,,,,,,,,,,,,,
The Big -P.01-UP-20-April-26,CON-B04-1ST-1030,,,,,,,,,,,,,,,,,,
The Big -P.01-UP-20-April-26,CON-B02-1ST-1040,,,,,,,,,,,,,,,,,,
The Big -P.01-UP-20-April-26,AB-SUB-B02-1ST-1000,,,,,,,,,,,,,,,,,,
The Big -P.01-UP-20-April-26,AB-APP-B01-GR-1020,,,,,,,,,,,,,,,,,,
The Big -P.01-UP-20-April-26,AB-APP-B01-GR-1030,,,,,,,,,,,,,,,,,,
The Big -P.01-UP-20-April-26,CON-B01-1ST-1030,,,,,,,,,,,,,,,,,,
The Big -P.01-UP-20-April-26,CON-B04-1ST-1040,,,,,,,,,,,,,,,,,,
The Big -P.01-UP-20-April-26,AB-SUB-B04-1ST-1000,,,,,,,,,,,,,,,,,,
The Big -P.01-UP-20-April-26,CON-B01-GR-1110,,,,,,,,,,,,,,,,,,
The Big -P.01-UP-20-April-26,CON-B02-SOG-1030,,,,,,,,,,,,,,,,,,
The Big -P.01-UP-20-April-26,CON-B01-SOG-1050,,,,,,,,,,,,,,,,,,
The Big -P.01-UP-20-April-26,CON-B01-1ST-1040,,,,,,,,,,,,,,,,,,
The Big -P.01-UP-20-April-26,AB-SUB-B01-1ST-1000,,,,,,,,,,,,,,,,,,
The Big -P.01-UP-20-April-26,CON-B02-1ST-1050,,,,,,,,,,,,,,,,,,
The Big -P.01-UP-20-April-26,CON-B04-1ST-1050,,,,,,,,,,,,,,,,,,
The Big -P.01-UP-20-April-26,CON-B01-SOG-1060,,,,,,,,,,,,,,,,,,
The Big -P.01-UP-20-April-26,CON-B03-1ST-1030,,,,,,,,,,,,,,,,,,
The Big -P.01-UP-20-April-26,CON-B01-1ST-1050,,,,,,,,,,,,,,,,,,
The Big -P.01-UP-20-April-26,CON-B03-1ST-1040,,,,,,,,,,,,,,,,,,
The Big -P.01-UP-20-April-26,AB-SUB-B03-1ST-1000,,,,,,,,,,,,,,,,,,
The Big -P.01-UP-20-April-26,P-MPOS-1170,,,,,,,,,,,,,,,,,,
The Big -P.01-UP-20-April-26,CON-B02-SOG-1040,,,,,,,,,,,,,,,,,,
The Big -P.01-UP-20-April-26,AB-SUB-B01-SOG-1000,,,,,,,,,,,,,,,,,,
The Big -P.01-UP-20-April-26,CON-B03-1ST-1050,,,,,,,,,,,,,,,,,,
The Big -P.01-UP-20-April-26,AB-APP-B02-1ST-1000,,,,,,,,,,,,,,,,,,
The Big -P.01-UP-20-April-26,AB-APP-B04-1ST-1000,,,,,,,,,,,,,,,,,,
The Big -P.01-UP-20-April-26,CON-B04-1ST-1060,,,,,,,,,,,,,,,,,,
The Big -P.01-UP-20-April-26,AB-APP-B01-1ST-1000,,,,,,,,,,,,,,,,,,
The Big -P.01-UP-20-April-26,AB-SUB-B01-SOG-1010,,,,,,,,,,,,,,,,,,
The Big -P.01-UP-20-April-26,CON-B02-1ST-1060,,,,,,,,,,,,,,,,,,
The Big -P.01-UP-20-April-26,CON-B02-SOG-1050,,,,,,,,,,,,,,,,,,
The Big -P.01-UP-20-April-26,CON-B04-1ST-1070,,,,,,,,,,,,,,,,,,
The Big -P.01-UP-20-April-26,AB-SUB-B04-1ST-1010,,,,,,,,,,,,,,,,,,
The Big -P.01-UP-20-April-26,AB-SUB-B04-1ST-1020,,,,,,,,,,,,,,,,,,
The Big -P.01-UP-20-April-26,AB-SUB-B04-1ST-1030,,,,,,,,,,,,,,,,,,
The Big -P.01-UP-20-April-26,CON-B01-1ST-1060,,,,,,,,,,,,,,,,,,
The Big -P.01-UP-20-April-26,CON-B02-1ST-1070,,,,,,,,,,,,,,,,,,
The Big -P.01-UP-20-April-26,AB-SUB-B02-1ST-1010,,,,,,,,,,,,,,,,,,
The Big -P.01-UP-20-April-26,AB-SUB-B02-1ST-1020,,,,,,,,,,,,,,,,,,
The Big -P.01-UP-20-April-26,AB-SUB-B02-1ST-1030,,,,,,,,,,,,,,,,,,
The Big -P.01-UP-20-April-26,AB-APP-B03-1ST-1000,,,,,,,,,,,,,,,,,,
The Big -P.01-UP-20-April-26,P-MDEL-1070,,,,,,,,,,,,,,,,,,
The Big -P.01-UP-20-April-26,CON-B04-2ND-1000,,,,,,,,,,,,,,,,,,
The Big -P.01-UP-20-April-26,CON-B02-SOG-1060,,,,,,,,,,,,,,,,,,
The Big -P.01-UP-20-April-26,CON-B01-1ST-1070,,,,,,,,,,,,,,,,,,
The Big -P.01-UP-20-April-26,AB-SUB-B01-1ST-1010,,,,,,,,,,,,,,,,,,
The Big -P.01-UP-20-April-26,AB-SUB-B01-1ST-1020,,,,,,,,,,,,,,,,,,
The Big -P.01-UP-20-April-26,AB-SUB-B01-1ST-1030,,,,,,,,,,,,,,,,,,
The Big -P.01-UP-20-April-26,CON-B01-2ND-1000,,,,,,,,,,,,,,,,,,
The Big -P.01-UP-20-April-26,AB-APP-B01-SOG-1000,,,,,,,,,,,,,,,,,,
The Big -P.01-UP-20-April-26,CON-B04-2ND-1010,,,,,,,,,,,,,,,,,,
The Big -P.01-UP-20-April-26,CON-B01-2ND-1010,,,,,,,,,,,,,,,,,,
The Big -P.01-UP-20-April-26,CON-B03-1ST-1060,,,,,,,,,,,,,,,,,,
The Big -P.01-UP-20-April-26,CON-B04-2ND-1020,,,,,,,,,,,,,,,,,,
The Big -P.01-UP-20-April-26,AB-APP-B01-SOG-1010,,,,,,,,,,,,,,,,,,
The Big -P.01-UP-20-April-26,CON-B01-2ND-1020,,,,,,,,,,,,,,,,,,
The Big -P.01-UP-20-April-26,CON-B04-1ST-1080,,,,,,,,,,,,,,,,,,
The Big -P.01-UP-20-April-26,P-MPOS-1180,,,,,,,,,,,,,,,,,,
The Big -P.01-UP-20-April-26,CON-B02-1ST-1080,,,,,,,,,,,,,,,,,,
The Big -P.01-UP-20-April-26,CON-B02-2ND-1000,,,,,,,,,,,,,,,,,,
The Big -P.01-UP-20-April-26,CON-B03-1ST-1070,,,,,,,,,,,,,,,,,,
The Big -P.01-UP-20-April-26,AB-SUB-B03-1ST-1010,,,,,,,,,,,,,,,,,,
The Big -P.01-UP-20-April-26,AB-SUB-B03-1ST-1020,,,,,,,,,,,,,,,,,,
The Big -P.01-UP-20-April-26,AB-SUB-B03-1ST-1030,,,,,,,,,,,,,,,,,,
The Big -P.01-UP-20-April-26,AB-APP-B04-1ST-1010,,,,,,,,,,,,,,,,,,
The Big -P.01-UP-20-April-26,AB-APP-B04-1ST-1020,,,,,,,,,,,,,,,,,,
The Big -P.01-UP-20-April-26,AB-APP-B04-1ST-1030,,,,,,,,,,,,,,,,,,
The Big -P.01-UP-20-April-26,AB-SUB-B02-SOG-1000,,,,,,,,,,,,,,,,,,
The Big -P.01-UP-20-April-26,AB-SUB-B02-SOG-1010,,,,,,,,,,,,,,,,,,
The Big -P.01-UP-20-April-26,AB-APP-B02-1ST-1010,,,,,,,,,,,,,,,,,,
The Big -P.01-UP-20-April-26,AB-APP-B02-1ST-1020,,,,,,,,,,,,,,,,,,
The Big -P.01-UP-20-April-26,AB-APP-B02-1ST-1030,,,,,,,,,,,,,,,,,,
The Big -P.01-UP-20-April-26,CON-B02-2ND-1010,,,,,,,,,,,,,,,,,,
The Big -P.01-UP-20-April-26,CON-B01-1ST-1080,,,,,,,,,,,,,,,,,,
The Big -P.01-UP-20-April-26,AB-APP-B01-1ST-1010,,,,,,,,,,,,,,,,,,
The Big -P.01-UP-20-April-26,AB-APP-B01-1ST-1020,,,,,,,,,,,,,,,,,,
The Big -P.01-UP-20-April-26,AB-APP-B01-1ST-1030,,,,,,,,,,,,,,,,,,
The Big -P.01-UP-20-April-26,CON-B01-2ND-1030,,,,,,,,,,,,,,,,,,
The Big -P.01-UP-20-April-26,CON-B02-2ND-1020,,,,,,,,,,,,,,,,,,
The Big -P.01-UP-20-April-26,CON-B04-2ND-1030,,,,,,,,,,,,,,,,,,
The Big -P.01-UP-20-April-26,CON-B04-2ND-1040,,,,,,,,,,,,,,,,,,
The Big -P.01-UP-20-April-26,AB-SUB-B04-2ND-1000,,,,,,,,,,,,,,,,,,
The Big -P.01-UP-20-April-26,CON-B01-2ND-1040,,,,,,,,,,,,,,,,,,
The Big -P.01-UP-20-April-26,AB-SUB-B01-2ND-1000,,,,,,,,,,,,,,,,,,
The Big -P.01-UP-20-April-26,CON-B03-1ST-1080,,,,,,,,,,,,,,,,,,
The Big -P.01-UP-20-April-26,CON-B04-2ND-1050,,,,,,,,,,,,,,,,,,
The Big -P.01-UP-20-April-26,CON-B01-2ND-1050,,,,,,,,,,,,,,,,,,
The Big -P.01-UP-20-April-26,AB-APP-B03-1ST-1010,,,,,,,,,,,,,,,,,,
The Big -P.01-UP-20-April-26,AB-APP-B03-1ST-1020,,,,,,,,,,,,,,,,,,
The Big -P.01-UP-20-April-26,AB-APP-B03-1ST-1030,,,,,,,,,,,,,,,,,,
The Big -P.01-UP-20-April-26,AB-APP-B02-SOG-1000,,,,,,,,,,,,,,,,,,
The Big -P.01-UP-20-April-26,AB-APP-B02-SOG-1010,,,,,,,,,,,,,,,,,,
The Big -P.01-UP-20-April-26,CON-B03-2ND-1000,,,,,,,,,,,,,,,,,,
The Big -P.01-UP-20-April-26,CON-B03-2ND-1010,,,,,,,,,,,,,,,,,,
The Big -P.01-UP-20-April-26,CON-B02-2ND-1030,,,,,,,,,,,,,,,,,,
The Big -P.01-UP-20-April-26,AB-APP-B04-2ND-1000,,,,,,,,,,,,,,,,,,
The Big -P.01-UP-20-April-26,CON-B01-2ND-1060,,,,,,,,,,,,,,,,,,
The Big -P.01-UP-20-April-26,CON-B02-2ND-1040,,,,,,,,,,,,,,,,,,
The Big -P.01-UP-20-April-26,AB-SUB-B02-2ND-1000,,,,,,,,,,,,,,,,,,
The Big -P.01-UP-20-April-26,AB-APP-B01-2ND-1000,,,,,,,,,,,,,,,,,,
The Big -P.01-UP-20-April-26,P-MDEL-1190,,,,,,,,,,,,,,,,,,
The Big -P.01-UP-20-April-26,CON-B03-2ND-1020,,,,,,,,,,,,,,,,,,
The Big -P.01-UP-20-April-26,CON-B04-2ND-1060,,,,,,,,,,,,,,,,,,
The Big -P.01-UP-20-April-26,CON-B01-2ND-1070,,,,,,,,,,,,,,,,,,
The Big -P.01-UP-20-April-26,AB-SUB-B01-2ND-1010,,,,,,,,,,,,,,,,,,
The Big -P.01-UP-20-April-26,AB-SUB-B01-2ND-1020,,,,,,,,,,,,,,,,,,
The Big -P.01-UP-20-April-26,AB-SUB-B01-2ND-1030,,,,,,,,,,,,,,,,,,
The Big -P.01-UP-20-April-26,CON-B04-2ND-1070,,,,,,,,,,,,,,,,,,
The Big -P.01-UP-20-April-26,CON-B01-3RD-1000,,,,,,,,,,,,,,,,,,
The Big -P.01-UP-20-April-26,CON-B02-2ND-1050,,,,,,,,,,,,,,,,,,
The Big -P.01-UP-20-April-26,AB-SUB-B04-2ND-1010,,,,,,,,,,,,,,,,,,
The Big -P.01-UP-20-April-26,AB-SUB-B04-2ND-1020,,,,,,,,,,,,,,,,,,
The Big -P.01-UP-20-April-26,AB-SUB-B04-2ND-1030,,,,,,,,,,,,,,,,,,
The Big -P.01-UP-20-April-26,P-MPOS-1190,,,,,,,,,,,,,,,,,,
The Big -P.01-UP-20-April-26,CON-B04-3RD-1000,,,,,,,,,,,,,,,,,,
The Big -P.01-UP-20-April-26,CON-B01-3RD-1010,,,,,,,,,,,,,,,,,,
The Big -P.01-UP-20-April-26,CON-B04-3RD-1010,,,,,,,,,,,,,,,,,,
The Big -P.01-UP-20-April-26,CON-B01-3RD-1020,,,,,,,,,,,,,,,,,,
The Big -P.01-UP-20-April-26,CON-B04-3RD-1020,,,,,,,,,,,,,,,,,,
The Big -P.01-UP-20-April-26,AB-APP-B02-2ND-1000,,,,,,,,,,,,,,,,,,
The Big -P.01-UP-20-April-26,CON-B01-2ND-1080,,,,,,,,,,,,,,,,,,
The Big -P.01-UP-20-April-26,CON-B03-2ND-1030,,,,,,,,,,,,,,,,,,
The Big -P.01-UP-20-April-26,CON-B04-2ND-1080,,,,,,,,,,,,,,,,,,
The Big -P.01-UP-20-April-26,CON-B03-2ND-1040,,,,,,,,,,,,,,,,,,
The Big -P.01-UP-20-April-26,AB-SUB-B03-2ND-1000,,,,,,,,,,,,,,,,,,
The Big -P.01-UP-20-April-26,AB-APP-B01-2ND-1010,,,,,,,,,,,,,,,,,,
The Big -P.01-UP-20-April-26,AB-APP-B01-2ND-1020,,,,,,,,,,,,,,,,,,
The Big -P.01-UP-20-April-26,AB-APP-B01-2ND-1030,,,,,,,,,,,,,,,,,,
The Big -P.01-UP-20-April-26,AB-APP-B04-2ND-1010,,,,,,,,,,,,,,,,,,
The Big -P.01-UP-20-April-26,AB-APP-B04-2ND-1020,,,,,,,,,,,,,,,,,,
The Big -P.01-UP-20-April-26,AB-APP-B04-2ND-1030,,,,,,,,,,,,,,,,,,
The Big -P.01-UP-20-April-26,CON-B01-3RD-1030,,,,,,,,,,,,,,,,,,
The Big -P.01-UP-20-April-26,CON-B01-3RD-1040,,,,,,,,,,,,,,,,,,
The Big -P.01-UP-20-April-26,CON-B02-2ND-1060,,,,,,,,,,,,,,,,,,
The Big -P.01-UP-20-April-26,CON-B03-2ND-1050,,,,,,,,,,,,,,,,,,
The Big -P.01-UP-20-April-26,AB-SUB-B01-3RD-1000,,,,,,,,,,,,,,,,,,
The Big -P.01-UP-20-April-26,CON-B04-3RD-1030,,,,,,,,,,,,,,,,,,
The Big -P.01-UP-20-April-26,CON-B04-3RD-1040,,,,,,,,,,,,,,,,,,
The Big -P.01-UP-20-April-26,AB-SUB-B04-3RD-1000,,,,,,,,,,,,,,,,,,
The Big -P.01-UP-20-April-26,CON-B02-2ND-1070,,,,,,,,,,,,,,,,,,
The Big -P.01-UP-20-April-26,AB-SUB-B02-2ND-1010,,,,,,,,,,,,,,,,,,
The Big -P.01-UP-20-April-26,AB-SUB-B02-2ND-1020,,,,,,,,,,,,,,,,,,
The Big -P.01-UP-20-April-26,AB-SUB-B02-2ND-1030,,,,,,,,,,,,,,,,,,
The Big -P.01-UP-20-April-26,CON-B01-3RD-1050,,,,,,,,,,,,,,,,,,
The Big -P.01-UP-20-April-26,CON-B04-3RD-1050,,,,,,,,,,,,,,,,,,
The Big -P.01-UP-20-April-26,AB-APP-B03-2ND-1000,,,,,,,,,,,,,,,,,,
The Big -P.01-UP-20-April-26,P-MDEL-1180,,,,,,,,,,,,,,,,,,
The Big -P.01-UP-20-April-26,AB-APP-B01-3RD-1000,,,,,,,,,,,,,,,,,,
The Big -P.01-UP-20-April-26,CON-B02-2ND-1080,,,,,,,,,,,,,,,,,,
The Big -P.01-UP-20-April-26,CON-B01-3RD-1060,,,,,,,,,,,,,,,,,,
The Big -P.01-UP-20-April-26,CON-B02-3RD-1000,,,,,,,,,,,,,,,,,,
The Big -P.01-UP-20-April-26,AB-APP-B04-3TH-1000,,,,,,,,,,,,,,,,,,
The Big -P.01-UP-20-April-26,CON-B03-2ND-1060,,,,,,,,,,,,,,,,,,
The Big -P.01-UP-20-April-26,AB-APP-B02-2ND-1010,,,,,,,,,,,,,,,,,,
The Big -P.01-UP-20-April-26,AB-APP-B02-2ND-1020,,,,,,,,,,,,,,,,,,
The Big -P.01-UP-20-April-26,AB-APP-B02-2ND-1030,,,,,,,,,,,,,,,,,,
The Big -P.01-UP-20-April-26,CON-B02-3RD-1010,,,,,,,,,,,,,,,,,,
The Big -P.01-UP-20-April-26,CON-B04-3RD-1060,,,,,,,,,,,,,,,,,,
The Big -P.01-UP-20-April-26,CON-B01-3RD-1070,,,,,,,,,,,,,,,,,,
The Big -P.01-UP-20-April-26,AB-SUB-B01-3RD-1010,,,,,,,,,,,,,,,,,,
The Big -P.01-UP-20-April-26,AB-SUB-B01-3RD-1020,,,,,,,,,,,,,,,,,,
The Big -P.01-UP-20-April-26,AB-SUB-B01-3RD-1030,,,,,,,,,,,,,,,,,,
The Big -P.01-UP-20-April-26,CON-B01-4TH-1000,,,,,,,,,,,,,,,,,,
The Big -P.01-UP-20-April-26,CON-B03-2ND-1070,,,,,,,,,,,,,,,,,,
The Big -P.01-UP-20-April-26,AB-SUB-B03-2ND-1010,,,,,,,,,,,,,,,,,,
The Big -P.01-UP-20-April-26,AB-SUB-B03-2ND-1020,,,,,,,,,,,,,,,,,,
The Big -P.01-UP-20-April-26,AB-SUB-B03-2ND-1030,,,,,,,,,,,,,,,,,,
The Big -P.01-UP-20-April-26,CON-B02-3RD-1020,,,,,,,,,,,,,,,,,,
The Big -P.01-UP-20-April-26,CON-B04-3RD-1070,,,,,,,,,,,,,,,,,,
The Big -P.01-UP-20-April-26,CON-B04-4TH-1000,,,,,,,,,,,,,,,,,,
The Big -P.01-UP-20-April-26,AB-SUB-B04-3RD-1010,,,,,,,,,,,,,,,,,,
The Big -P.01-UP-20-April-26,AB-SUB-B04-3RD-1020,,,,,,,,,,,,,,,,,,
The Big -P.01-UP-20-April-26,AB-SUB-B04-3RD-1030,,,,,,,,,,,,,,,,,,
The Big -P.01-UP-20-April-26,CON-B01-4TH-1010,,,,,,,,,,,,,,,,,,
The Big -P.01-UP-20-April-26,CON-B04-4TH-1010,,,,,,,,,,,,,,,,,,
The Big -P.01-UP-20-April-26,CON-B01-4TH-1020,,,,,,,,,,,,,,,,,,
The Big -P.01-UP-20-April-26,CON-B04-4TH-1020,,,,,,,,,,,,,,,,,,
The Big -P.01-UP-20-April-26,P-MDEL-1200,,,,,,,,,,,,,,,,,,
The Big -P.01-UP-20-April-26,CON-B01-3RD-1080,,,,,,,,,,,,,,,,,,
The Big -P.01-UP-20-April-26,CON-B03-2ND-1080,,,,,,,,,,,,,,,,,,
The Big -P.01-UP-20-April-26,CON-B03-3RD-1000,,,,,,,,,,,,,,,,,,
The Big -P.01-UP-20-April-26,CON-B04-3RD-1080,,,,,,,,,,,,,,,,,,
The Big -P.01-UP-20-April-26,AB-APP-B01-3RD-1010,,,,,,,,,,,,,,,,,,
The Big -P.01-UP-20-April-26,AB-APP-B01-3RD-1020,,,,,,,,,,,,,,,,,,
The Big -P.01-UP-20-April-26,AB-APP-B01-3RD-1030,,,,,,,,,,,,,,,,,,
The Big -P.01-UP-20-April-26,AB-APP-B03-2ND-1010,,,,,,,,,,,,,,,,,,
The Big -P.01-UP-20-April-26,AB-APP-B03-2ND-1020,,,,,,,,,,,,,,,,,,
The Big -P.01-UP-20-April-26,AB-APP-B03-2ND-1030,,,,,,,,,,,,,,,,,,
The Big -P.01-UP-20-April-26,CON-B01-4TH-1030,,,,,,,,,,,,,,,,,,
The Big -P.01-UP-20-April-26,CON-B02-3RD-1030,,,,,,,,,,,,,,,,,,
The Big -P.01-UP-20-April-26,CON-B03-3RD-1010,,,,,,,,,,,,,,,,,,
The Big -P.01-UP-20-April-26,AB-APP-B04-3TH-1010,,,,,,,,,,,,,,,,,,
The Big -P.01-UP-20-April-26,AB-APP-B04-3TH-1020,,,,,,,,,,,,,,,,,,
The Big -P.01-UP-20-April-26,AB-APP-B04-3TH-1030,,,,,,,,,,,,,,,,,,
The Big -P.01-UP-20-April-26,CON-B01-4TH-1040,,,,,,,,,,,,,,,,,,
The Big -P.01-UP-20-April-26,CON-B02-3RD-1040,,,,,,,,,,,,,,,,,,
The Big -P.01-UP-20-April-26,CON-B04-4TH-1030,,,,,,,,,,,,,,,,,,
The Big -P.01-UP-20-April-26,AB-SUB-B02-3RD-1000,,,,,,,,,,,,,,,,,,
The Big -P.01-UP-20-April-26,AB-SUB-B01-4TH-1000,,,,,,,,,,,,,,,,,,
The Big -P.01-UP-20-April-26,CON-B04-4TH-1040,,,,,,,,,,,,,,,,,,
The Big -P.01-UP-20-April-26,AB-SUB-B04-4TH-1000,,,,,,,,,,,,,,,,,,
The Big -P.01-UP-20-April-26,CON-B03-3RD-1020,,,,,,,,,,,,,,,,,,
The Big -P.01-UP-20-April-26,CON-B01-4TH-1050,,,,,,,,,,,,,,,,,,
The Big -P.01-UP-20-April-26,CON-B02-3RD-1050,,,,,,,,,,,,,,,,,,
The Big -P.01-UP-20-April-26,CON-B04-4TH-1050,,,,,,,,,,,,,,,,,,
The Big -P.01-UP-20-April-26,AB-APP-B02-3RD-1000,,,,,,,,,,,,,,,,,,
The Big -P.01-UP-20-April-26,AB-APP-B01-4TH-1000,,,,,,,,,,,,,,,,,,
The Big -P.01-UP-20-April-26,AB-APP-B04-4TH-1000,,,,,,,,,,,,,,,,,,
The Big -P.01-UP-20-April-26,CON-B03-3RD-1030,,,,,,,,,,,,,,,,,,
The Big -P.01-UP-20-April-26,CON-B04-4TH-1060,,,,,,,,,,,,,,,,,,
The Big -P.01-UP-20-April-26,CON-B01-4TH-1060,,,,,,,,,,,,,,,,,,
The Big -P.01-UP-20-April-26,CON-B03-3RD-1040,,,,,,,,,,,,,,,,,,
The Big -P.01-UP-20-April-26,AB-SUB-B03-3RD-1000,,,,,,,,,,,,,,,,,,
The Big -P.01-UP-20-April-26,CON-B04-4TH-1070,,,,,,,,,,,,,,,,,,
The Big -P.01-UP-20-April-26,AB-SUB-B04-4TH-1010,,,,,,,,,,,,,,,,,,
The Big -P.01-UP-20-April-26,AB-SUB-B04-4TH-1020,,,,,,,,,,,,,,,,,,
The Big -P.01-UP-20-April-26,AB-SUB-B04-4TH-1030,,,,,,,,,,,,,,,,,,
The Big -P.01-UP-20-April-26,CON-B01-4TH-1070,,,,,,,,,,,,,,,,,,
The Big -P.01-UP-20-April-26,CON-B02-3RD-1060,,,,,,,,,,,,,,,,,,
The Big -P.01-UP-20-April-26,AB-SUB-B01-4TH-1010,,,,,,,,,,,,,,,,,,
The Big -P.01-UP-20-April-26,AB-SUB-B01-4TH-1020,,,,,,,,,,,,,,,,,,
The Big -P.01-UP-20-April-26,AB-SUB-B01-4TH-1030,,,,,,,,,,,,,,,,,,
The Big -P.01-UP-20-April-26,CON-B01-5TH-1000,,,,,,,,,,,,,,,,,,
The Big -P.01-UP-20-April-26,CON-B03-3RD-1050,,,,,,,,,,,,,,,,,,
The Big -P.01-UP-20-April-26,CON-B04-5TH-1000,,,,,,,,,,,,,,,,,,
The Big -P.01-UP-20-April-26,CON-B02-3RD-1070,,,,,,,,,,,,,,,,,,
The Big -P.01-UP-20-April-26,AB-SUB-B02-3RD-1010,,,,,,,,,,,,,,,,,,
The Big -P.01-UP-20-April-26,AB-SUB-B02-3RD-1020,,,,,,,,,,,,,,,,,,
The Big -P.01-UP-20-April-26,AB-SUB-B02-3RD-1030,,,,,,,,,,,,,,,,,,
The Big -P.01-UP-20-April-26,CON-B01-5TH-1010,,,,,,,,,,,,,,,,,,
The Big -P.01-UP-20-April-26,CON-B04-5TH-1010,,,,,,,,,,,,,,,,,,
The Big -P.01-UP-20-April-26,CON-B04-5TH-1020,,,,,,,,,,,,,,,,,,
The Big -P.01-UP-20-April-26,CON-B01-5TH-1020,,,,,,,,,,,,,,,,,,
The Big -P.01-UP-20-April-26,CON-B04-4TH-1080,,,,,,,,,,,,,,,,,,
The Big -P.01-UP-20-April-26,AB-APP-B03-3RD-1000,,,,,,,,,,,,,,,,,,
The Big -P.01-UP-20-April-26,AB-APP-B04-4TH-1010,,,,,,,,,,,,,,,,,,
The Big -P.01-UP-20-April-26,AB-APP-B04-4TH-1020,,,,,,,,,,,,,,,,,,
The Big -P.01-UP-20-April-26,AB-APP-B04-4TH-1030,,,,,,,,,,,,,,,,,,
The Big -P.01-UP-20-April-26,CON-B01-4TH-1080,,,,,,,,,,,,,,,,,,
The Big -P.01-UP-20-April-26,AB-APP-B01-4TH-1010,,,,,,,,,,,,,,,,,,
The Big -P.01-UP-20-April-26,AB-APP-B01-4TH-1020,,,,,,,,,,,,,,,,,,
The Big -P.01-UP-20-April-26,AB-APP-B01-4TH-1030,,,,,,,,,,,,,,,,,,
The Big -P.01-UP-20-April-26,CON-B01-5TH-1030,,,,,,,,,,,,,,,,,,
The Big -P.01-UP-20-April-26,CON-B02-3RD-1080,,,,,,,,,,,,,,,,,,
The Big -P.01-UP-20-April-26,CON-B02-4TH-1000,,,,,,,,,,,,,,,,,,
The Big -P.01-UP-20-April-26,CON-B04-5TH-1030,,,,,,,,,,,,,,,,,,
The Big -P.01-UP-20-April-26,CON-B01-5TH-1040,,,,,,,,,,,,,,,,,,
The Big -P.01-UP-20-April-26,CON-B04-5TH-1040,,,,,,,,,,,,,,,,,,
The Big -P.01-UP-20-April-26,AB-SUB-B04-5TH-1000,,,,,,,,,,,,,,,,,,
The Big -P.01-UP-20-April-26,AB-SUB-B01-5TH-1000,,,,,,,,,,,,,,,,,,
The Big -P.01-UP-20-April-26,AB-APP-B02-3RD-1010,,,,,,,,,,,,,,,,,,
The Big -P.01-UP-20-April-26,AB-APP-B02-3RD-1020,,,,,,,,,,,,,,,,,,
The Big -P.01-UP-20-April-26,AB-APP-B02-3RD-1030,,,,,,,,,,,,,,,,,,
The Big -P.01-UP-20-April-26,CON-B02-4TH-1010,,,,,,,,,,,,,,,,,,
The Big -P.01-UP-20-April-26,CON-B03-3RD-1060,,,,,,,,,,,,,,,,,,
The Big -P.01-UP-20-April-26,CON-B04-5TH-1050,,,,,,,,,,,,,,,,,,
The Big -P.01-UP-20-April-26,CON-B01-5TH-1050,,,,,,,,,,,,,,,,,,
The Big -P.01-UP-20-April-26,CON-B02-4TH-1020,,,,,,,,,,,,,,,,,,
The Big -P.01-UP-20-April-26,CON-B03-3RD-1070,,,,,,,,,,,,,,,,,,
The Big -P.01-UP-20-April-26,AB-SUB-B03-3RD-1010,,,,,,,,,,,,,,,,,,
The Big -P.01-UP-20-April-26,AB-SUB-B03-3RD-1020,,,,,,,,,,,,,,,,,,
The Big -P.01-UP-20-April-26,AB-SUB-B03-3RD-1030,,,,,,,,,,,,,,,,,,
The Big -P.01-UP-20-April-26,AB-APP-B01-5TH-1000,,,,,,,,,,,,,,,,,,
The Big -P.01-UP-20-April-26,AB-APP-B04-5TH-1000,,,,,,,,,,,,,,,,,,
The Big -P.01-UP-20-April-26,CON-B01-5TH-1060,,,,,,,,,,,,,,,,,,
The Big -P.01-UP-20-April-26,CON-B04-5TH-1060,,,,,,,,,,,,,,,,,,
The Big -P.01-UP-20-April-26,CON-B03-3RD-1080,,,,,,,,,,,,,,,,,,
The Big -P.01-UP-20-April-26,CON-B04-5TH-1070,,,,,,,,,,,,,,,,,,
The Big -P.01-UP-20-April-26,AB-SUB-B04-5TH-1010,,,,,,,,,,,,,,,,,,
The Big -P.01-UP-20-April-26,AB-SUB-B04-5TH-1020,,,,,,,,,,,,,,,,,,
The Big -P.01-UP-20-April-26,AB-SUB-B04-5TH-1030,,,,,,,,,,,,,,,,,,
The Big -P.01-UP-20-April-26,CON-B01-5TH-1070,,,,,,,,,,,,,,,,,,
The Big -P.01-UP-20-April-26,CON-B01-6TH-1000,,,,,,,,,,,,,,,,,,
The Big -P.01-UP-20-April-26,CON-B03-4TH-1000,,,,,,,,,,,,,,,,,,
The Big -P.01-UP-20-April-26,AB-SUB-B01-5TH-1010,,,,,,,,,,,,,,,,,,
The Big -P.01-UP-20-April-26,AB-SUB-B01-5TH-1020,,,,,,,,,,,,,,,,,,
The Big -P.01-UP-20-April-26,AB-SUB-B01-5TH-1030,,,,,,,,,,,,,,,,,,
The Big -P.01-UP-20-April-26,CON-B02-4TH-1030,,,,,,,,,,,,,,,,,,
The Big -P.01-UP-20-April-26,CON-B04-6TH-1000,,,,,,,,,,,,,,,,,,
The Big -P.01-UP-20-April-26,AB-APP-B03-3RD-1010,,,,,,,,,,,,,,,,,,
The Big -P.01-UP-20-April-26,AB-APP-B03-3RD-1020,,,,,,,,,,,,,,,,,,
The Big -P.01-UP-20-April-26,AB-APP-B03-3RD-1030,,,,,,,,,,,,,,,,,,
The Big -P.01-UP-20-April-26,CON-B01-6TH-1010,,,,,,,,,,,,,,,,,,
The Big -P.01-UP-20-April-26,CON-B02-4TH-1040,,,,,,,,,,,,,,,,,,
The Big -P.01-UP-20-April-26,CON-B03-4TH-1010,,,,,,,,,,,,,,,,,,
The Big -P.01-UP-20-April-26,AB-SUB-B02-4TH-1000,,,,,,,,,,,,,,,,,,
The Big -P.01-UP-20-April-26,CON-B04-6TH-1010,,,,,,,,,,,,,,,,,,
The Big -P.01-UP-20-April-26,CON-B01-6TH-1020,,,,,,,,,,,,,,,,,,
The Big -P.01-UP-20-April-26,CON-B02-4TH-1050,,,,,,,,,,,,,,,,,,
The Big -P.01-UP-20-April-26,CON-B04-6TH-1020,,,,,,,,,,,,,,,,,,
The Big -P.01-UP-20-April-26,CON-B03-4TH-1020,,,,,,,,,,,,,,,,,,
The Big -P.01-UP-20-April-26,CON-B04-5TH-1080,,,,,,,,,,,,,,,,,,
The Big -P.01-UP-20-April-26,CON-B01-5TH-1080,,,,,,,,,,,,,,,,,,
The Big -P.01-UP-20-April-26,CON-B04-6TH-1030,,,,,,,,,,,,,,,,,,
The Big -P.01-UP-20-April-26,AB-APP-B04-5TH-1010,,,,,,,,,,,,,,,,,,
The Big -P.01-UP-20-April-26,AB-APP-B04-5TH-1020,,,,,,,,,,,,,,,,,,
The Big -P.01-UP-20-April-26,AB-APP-B04-5TH-1030,,,,,,,,,,,,,,,,,,
The Big -P.01-UP-20-April-26,CON-B04-6TH-1040,,,,,,,,,,,,,,,,,,
The Big -P.01-UP-20-April-26,AB-SUB-B04-6TH-1000,,,,,,,,,,,,,,,,,,
The Big -P.01-UP-20-April-26,AB-APP-B01-5TH-1010,,,,,,,,,,,,,,,,,,
The Big -P.01-UP-20-April-26,AB-APP-B01-5TH-1020,,,,,,,,,,,,,,,,,,
The Big -P.01-UP-20-April-26,AB-APP-B01-5TH-1030,,,,,,,,,,,,,,,,,,
The Big -P.01-UP-20-April-26,CON-B01-6TH-1030,,,,,,,,,,,,,,,,,,
The Big -P.01-UP-20-April-26,CON-B01-6TH-1040,,,,,,,,,,,,,,,,,,
The Big -P.01-UP-20-April-26,CON-B04-6TH-1050,,,,,,,,,,,,,,,,,,
The Big -P.01-UP-20-April-26,AB-SUB-B01-6TH-1000,,,,,,,,,,,,,,,,,,
The Big -P.01-UP-20-April-26,AB-APP-B02-4TH-1000,,,,,,,,,,,,,,,,,,
The Big -P.01-UP-20-April-26,CON-B01-6TH-1050,,,,,,,,,,,,,,,,,,
The Big -P.01-UP-20-April-26,CON-B03-4TH-1030,,,,,,,,,,,,,,,,,,
The Big -P.01-UP-20-April-26,CON-B02-4TH-1060,,,,,,,,,,,,,,,,,,
The Big -P.01-UP-20-April-26,CON-B03-4TH-1040,,,,,,,,,,,,,,,,,,
The Big -P.01-UP-20-April-26,AB-SUB-B03-4TH-1000,,,,,,,,,,,,,,,,,,
The Big -P.01-UP-20-April-26,CON-B04-6TH-1060,,,,,,,,,,,,,,,,,,
The Big -P.01-UP-20-April-26,CON-B02-4TH-1070,,,,,,,,,,,,,,,,,,
The Big -P.01-UP-20-April-26,CON-B04-6TH-1070,,,,,,,,,,,,,,,,,,
The Big -P.01-UP-20-April-26,AB-SUB-B04-6TH-1010,,,,,,,,,,,,,,,,,,
The Big -P.01-UP-20-April-26,AB-SUB-B04-6TH-1020,,,,,,,,,,,,,,,,,,
The Big -P.01-UP-20-April-26,AB-SUB-B04-6TH-1030,,,,,,,,,,,,,,,,,,
The Big -P.01-UP-20-April-26,AB-SUB-B02-4TH-1010,,,,,,,,,,,,,,,,,,
The Big -P.01-UP-20-April-26,AB-SUB-B02-4TH-1020,,,,,,,,,,,,,,,,,,
The Big -P.01-UP-20-April-26,AB-SUB-B02-4TH-1030,,,,,,,,,,,,,,,,,,
The Big -P.01-UP-20-April-26,AB-APP-B04-6TH-1000,,,,,,,,,,,,,,,,,,
The Big -P.01-UP-20-April-26,CON-B03-4TH-1050,,,,,,,,,,,,,,,,,,
The Big -P.01-UP-20-April-26,CON-B04-7TH-1000,,,,,,,,,,,,,,,,,,
The Big -P.01-UP-20-April-26,AB-APP-B01-6TH-1000,,,,,,,,,,,,,,,,,,
The Big -P.01-UP-20-April-26,CON-B01-6TH-1060,,,,,,,,,,,,,,,,,,
The Big -P.01-UP-20-April-26,CON-B04-7TH-1010,,,,,,,,,,,,,,,,,,
The Big -P.01-UP-20-April-26,CON-B01-6TH-1070,,,,,,,,,,,,,,,,,,
The Big -P.01-UP-20-April-26,CON-B01-7TH-1000,,,,,,,,,,,,,,,,,,
The Big -P.01-UP-20-April-26,AB-SUB-B01-6TH-1010,,,,,,,,,,,,,,,,,,
The Big -P.01-UP-20-April-26,AB-SUB-B01-6TH-1020,,,,,,,,,,,,,,,,,,
The Big -P.01-UP-20-April-26,AB-SUB-B01-6TH-1030,,,,,,,,,,,,,,,,,,
The Big -P.01-UP-20-April-26,CON-B04-7TH-1020,,,,,,,,,,,,,,,,,,
The Big -P.01-UP-20-April-26,CON-B01-7TH-1010,,,,,,,,,,,,,,,,,,
The Big -P.01-UP-20-April-26,AB-APP-B04-6TH-1030,,,,,,,,,,,,,,,,,,
The Big -P.01-UP-20-April-26,AB-APP-B03-4TH-1000,,,,,,,,,,,,,,,,,,
The Big -P.01-UP-20-April-26,CON-B02-4TH-1080,,,,,,,,,,,,,,,,,,
The Big -P.01-UP-20-April-26,CON-B04-6TH-1080,,,,,,,,,,,,,,,,,,
The Big -P.01-UP-20-April-26,CON-B01-7TH-1020,,,,,,,,,,,,,,,,,,
The Big -P.01-UP-20-April-26,CON-B02-RF-1000,,,,,,,,,,,,,,,,,,
The Big -P.01-UP-20-April-26,CON-B04-7TH-1030,,,,,,,,,,,,,,,,,,
The Big -P.01-UP-20-April-26,AB-APP-B02-4TH-1010,,,,,,,,,,,,,,,,,,
The Big -P.01-UP-20-April-26,AB-APP-B02-4TH-1020,,,,,,,,,,,,,,,,,,
The Big -P.01-UP-20-April-26,AB-APP-B02-4TH-1030,,,,,,,,,,,,,,,,,,
The Big -P.01-UP-20-April-26,AB-APP-B04-6TH-1010,,,,,,,,,,,,,,,,,,
The Big -P.01-UP-20-April-26,AB-APP-B04-6TH-1020,,,,,,,,,,,,,,,,,,
The Big -P.01-UP-20-April-26,CON-B02-RF-1010,,,,,,,,,,,,,,,,,,
The Big -P.01-UP-20-April-26,CON-B03-4TH-1060,,,,,,,,,,,,,,,,,,
The Big -P.01-UP-20-April-26,CON-B04-7TH-1040,,,,,,,,,,,,,,,,,,
The Big -P.01-UP-20-April-26,AB-SUB-B04-7TH-1000,,,,,,,,,,,,,,,,,,
The Big -P.01-UP-20-April-26,CON-B04-7TH-1050,,,,,,,,,,,,,,,,,,
The Big -P.01-UP-20-April-26,CON-B02-RF-1020,,,,,,,,,,,,,,,,,,
The Big -P.01-UP-20-April-26,CON-B03-4TH-1070,,,,,,,,,,,,,,,,,,
The Big -P.01-UP-20-April-26,AB-SUB-B03-4TH-1010,,,,,,,,,,,,,,,,,,
The Big -P.01-UP-20-April-26,AB-SUB-B03-4TH-1020,,,,,,,,,,,,,,,,,,
The Big -P.01-UP-20-April-26,AB-SUB-B03-4TH-1030,,,,,,,,,,,,,,,,,,
The Big -P.01-UP-20-April-26,CON-B01-6TH-1080,,,,,,,,,,,,,,,,,,
The Big -P.01-UP-20-April-26,CON-B01-7TH-1030,,,,,,,,,,,,,,,,,,
The Big -P.01-UP-20-April-26,AB-APP-B01-6TH-1010,,,,,,,,,,,,,,,,,,
The Big -P.01-UP-20-April-26,AB-APP-B01-6TH-1020,,,,,,,,,,,,,,,,,,
The Big -P.01-UP-20-April-26,AB-APP-B01-6TH-1030,,,,,,,,,,,,,,,,,,
The Big -P.01-UP-20-April-26,CON-B01-7TH-1040,,,,,,,,,,,,,,,,,,
The Big -P.01-UP-20-April-26,CON-B02-RF-1030,,,,,,,,,,,,,,,,,,
The Big -P.01-UP-20-April-26,AB-SUB-B01-7TH-1000,,,,,,,,,,,,,,,,,,
The Big -P.01-UP-20-April-26,CON-B02-RF-1040,,,,,,,,,,,,,,,,,,
The Big -P.01-UP-20-April-26,AB-SUB-B02-RF-1000,,,,,,,,,,,,,,,,,,
The Big -P.01-UP-20-April-26,CON-B01-7TH-1050,,,,,,,,,,,,,,,,,,
The Big -P.01-UP-20-April-26,CON-B04-7TH-1060,,,,,,,,,,,,,,,,,,
The Big -P.01-UP-20-April-26,CON-B04-7TH-1070,,,,,,,,,,,,,,,,,,
The Big -P.01-UP-20-April-26,AB-SUB-B04-7TH-1010,,,,,,,,,,,,,,,,,,
The Big -P.01-UP-20-April-26,AB-SUB-B04-7TH-1020,,,,,,,,,,,,,,,,,,
The Big -P.01-UP-20-April-26,AB-SUB-B04-7TH-1030,,,,,,,,,,,,,,,,,,
The Big -P.01-UP-20-April-26,CON-B02-RF-1050,,,,,,,,,,,,,,,,,,
The Big -P.01-UP-20-April-26,AB-APP-B04-7TH-1000,,,,,,,,,,,,,,,,,,
The Big -P.01-UP-20-April-26,CON-B03-4TH-1080,,,,,,,,,,,,,,,,,,
The Big -P.01-UP-20-April-26,CON-B04-8TH-1000,,,,,,,,,,,,,,,,,,
The Big -P.01-UP-20-April-26,CON-B03-RF-1000,,,,,,,,,,,,,,,,,,
The Big -P.01-UP-20-April-26,CON-B04-8TH-1010,,,,,,,,,,,,,,,,,,
The Big -P.01-UP-20-April-26,AB-APP-B03-4TH-1010,,,,,,,,,,,,,,,,,,
The Big -P.01-UP-20-April-26,AB-APP-B03-4TH-1020,,,,,,,,,,,,,,,,,,
The Big -P.01-UP-20-April-26,AB-APP-B03-4TH-1030,,,,,,,,,,,,,,,,,,
The Big -P.01-UP-20-April-26,CON-B02-RF-1060,,,,,,,,,,,,,,,,,,
The Big -P.01-UP-20-April-26,CON-B03-RF-1010,,,,,,,,,,,,,,,,,,
The Big -P.01-UP-20-April-26,CON-B04-8TH-1020,,,,,,,,,,,,,,,,,,
The Big -P.01-UP-20-April-26,CON-B01-7TH-1060,,,,,,,,,,,,,,,,,,
The Big -P.01-UP-20-April-26,CON-B02-RF-1070,,,,,,,,,,,,,,,,,,
The Big -P.01-UP-20-April-26,CON-B03-RF-1020,,,,,,,,,,,,,,,,,,
The Big -P.01-UP-20-April-26,AB-SUB-B02-RF-1010,,,,,,,,,,,,,,,,,,
The Big -P.01-UP-20-April-26,AB-SUB-B02-RF-1020,,,,,,,,,,,,,,,,,,
The Big -P.01-UP-20-April-26,AB-APP-B01-7TH-1000,,,,,,,,,,,,,,,,,,
The Big -P.01-UP-20-April-26,CON-B01-7TH-1070,,,,,,,,,,,,,,,,,,
The Big -P.01-UP-20-April-26,CON-B01-8TH-1000,,,,,,,,,,,,,,,,,,
The Big -P.01-UP-20-April-26,CON-B03-RF-1030,,,,,,,,,,,,,,,,,,
The Big -P.01-UP-20-April-26,AB-SUB-B01-7TH-1010,,,,,,,,,,,,,,,,,,
The Big -P.01-UP-20-April-26,AB-SUB-B01-7TH-1020,,,,,,,,,,,,,,,,,,
The Big -P.01-UP-20-April-26,AB-SUB-B01-7TH-1030,,,,,,,,,,,,,,,,,,
The Big -P.01-UP-20-April-26,AB-APP-B02-RF-1000,,,,,,,,,,,,,,,,,,
The Big -P.01-UP-20-April-26,CON-B04-7TH-1080,,,,,,,,,,,,,,,,,,
The Big -P.01-UP-20-April-26,CON-B01-8TH-1010,,,,,,,,,,,,,,,,,,
The Big -P.01-UP-20-April-26,CON-B03-RF-1040,,,,,,,,,,,,,,,,,,
The Big -P.01-UP-20-April-26,AB-SUB-B03-RF-1000,,,,,,,,,,,,,,,,,,
The Big -P.01-UP-20-April-26,CON-B04-8TH-1030,,,,,,,,,,,,,,,,,,
The Big -P.01-UP-20-April-26,AB-APP-B04-7TH-1010,,,,,,,,,,,,,,,,,,
The Big -P.01-UP-20-April-26,AB-APP-B04-7TH-1020,,,,,,,,,,,,,,,,,,
The Big -P.01-UP-20-April-26,AB-APP-B04-7TH-1030,,,,,,,,,,,,,,,,,,
The Big -P.01-UP-20-April-26,CON-B01-8TH-1020,,,,,,,,,,,,,,,,,,
The Big -P.01-UP-20-April-26,CON-B04-8TH-1040,,,,,,,,,,,,,,,,,,
The Big -P.01-UP-20-April-26,AB-SUB-B04-8TH-1000,,,,,,,,,,,,,,,,,,
The Big -P.01-UP-20-April-26,CON-B03-RF-1050,,,,,,,,,,,,,,,,,,
The Big -P.01-UP-20-April-26,CON-B04-8TH-1050,,,,,,,,,,,,,,,,,,
The Big -P.01-UP-20-April-26,CON-B02-RF-1080,,,,,,,,,,,,,,,,,,
The Big -P.01-UP-20-April-26,CON-B03-RF-1060,,,,,,,,,,,,,,,,,,
The Big -P.01-UP-20-April-26,HO-1020,,,,,,,,,,,,,,,,,,
The Big -P.01-UP-20-April-26,CON-B01-8TH-1030,,,,,,,,,,,,,,,,,,
The Big -P.01-UP-20-April-26,CON-B03-RF-1070,,,,,,,,,,,,,,,,,,
The Big -P.01-UP-20-April-26,AB-SUB-B03-RF-1010,,,,,,,,,,,,,,,,,,
The Big -P.01-UP-20-April-26,AB-SUB-B03-RF-1020,,,,,,,,,,,,,,,,,,
The Big -P.01-UP-20-April-26,AB-APP-B02-RF-1010,,,,,,,,,,,,,,,,,,
The Big -P.01-UP-20-April-26,AB-APP-B02-RF-1020,,,,,,,,,,,,,,,,,,
The Big -P.01-UP-20-April-26,CON-B01-7TH-1080,,,,,,,,,,,,,,,,,,
The Big -P.01-UP-20-April-26,CON-B01-8TH-1040,,,,,,,,,,,,,,,,,,
The Big -P.01-UP-20-April-26,CON-B04-8TH-1060,,,,,,,,,,,,,,,,,,
The Big -P.01-UP-20-April-26,AB-SUB-B01-8TH-1000,,,,,,,,,,,,,,,,,,
The Big -P.01-UP-20-April-26,AB-APP-B01-7TH-1010,,,,,,,,,,,,,,,,,,
The Big -P.01-UP-20-April-26,AB-APP-B01-7TH-1020,,,,,,,,,,,,,,,,,,
The Big -P.01-UP-20-April-26,AB-APP-B01-7TH-1030,,,,,,,,,,,,,,,,,,
The Big -P.01-UP-20-April-26,CON-B04-8TH-1070,,,,,,,,,,,,,,,,,,
The Big -P.01-UP-20-April-26,AB-SUB-B04-8TH-1010,,,,,,,,,,,,,,,,,,
The Big -P.01-UP-20-April-26,AB-SUB-B04-8TH-1020,,,,,,,,,,,,,,,,,,
The Big -P.01-UP-20-April-26,AB-SUB-B04-8TH-1030,,,,,,,,,,,,,,,,,,
The Big -P.01-UP-20-April-26,CON-B01-8TH-1050,,,,,,,,,,,,,,,,,,
The Big -P.01-UP-20-April-26,AB-APP-B03-RF-1000,,,,,,,,,,,,,,,,,,
The Big -P.01-UP-20-April-26,CON-B04-RF-1000,,,,,,,,,,,,,,,,,,
The Big -P.01-UP-20-April-26,CON-B04-RF-1010,,,,,,,,,,,,,,,,,,
The Big -P.01-UP-20-April-26,AB-APP-B04-8TH-1000,,,,,,,,,,,,,,,,,,
The Big -P.01-UP-20-April-26,CON-B04-RF-1020,,,,,,,,,,,,,,,,,,
The Big -P.01-UP-20-April-26,CON-B04-RF-1030,,,,,,,,,,,,,,,,,,
The Big -P.01-UP-20-April-26,CON-B04-RF-1040,,,,,,,,,,,,,,,,,,
The Big -P.01-UP-20-April-26,CON-B03-RF-1080,,,,,,,,,,,,,,,,,,
The Big -P.01-UP-20-April-26,AB-SUB-B04-RF-1000,,,,,,,,,,,,,,,,,,
The Big -P.01-UP-20-April-26,HO-1030,,,,,,,,,,,,,,,,,,
The Big -P.01-UP-20-April-26,CON-B04-RF-1050,,,,,,,,,,,,,,,,,,
The Big -P.01-UP-20-April-26,CON-B01-8TH-1060,,,,,,,,,,,,,,,,,,
The Big -P.01-UP-20-April-26,AB-APP-B03-RF-1010,,,,,,,,,,,,,,,,,,
The Big -P.01-UP-20-April-26,AB-APP-B03-RF-1020,,,,,,,,,,,,,,,,,,
The Big -P.01-UP-20-April-26,CON-B04-8TH-1080,,,,,,,,,,,,,,,,,,
The Big -P.01-UP-20-April-26,CON-B01-8TH-1070,,,,,,,,,,,,,,,,,,
The Big -P.01-UP-20-April-26,CON-B04-RF-1060,,,,,,,,,,,,,,,,,,
The Big -P.01-UP-20-April-26,AB-SUB-B01-8TH-1010,,,,,,,,,,,,,,,,,,
The Big -P.01-UP-20-April-26,AB-SUB-B01-8TH-1020,,,,,,,,,,,,,,,,,,
The Big -P.01-UP-20-April-26,AB-SUB-B01-8TH-1030,,,,,,,,,,,,,,,,,,
The Big -P.01-UP-20-April-26,AB-APP-B01-8TH-1000,,,,,,,,,,,,,,,,,,
The Big -P.01-UP-20-April-26,CON-B04-RF-1070,,,,,,,,,,,,,,,,,,
The Big -P.01-UP-20-April-26,AB-SUB-B04-RF-1010,,,,,,,,,,,,,,,,,,
The Big -P.01-UP-20-April-26,AB-SUB-B04-RF-1020,,,,,,,,,,,,,,,,,,
The Big -P.01-UP-20-April-26,AB-APP-B04-8TH-1010,,,,,,,,,,,,,,,,,,
The Big -P.01-UP-20-April-26,AB-APP-B04-8TH-1020,,,,,,,,,,,,,,,,,,
The Big -P.01-UP-20-April-26,AB-APP-B04-8TH-1030,,,,,,,,,,,,,,,,,,
The Big -P.01-UP-20-April-26,CON-B01-9TH-1000,,,,,,,,,,,,,,,,,,
The Big -P.01-UP-20-April-26,CON-B01-9TH-1010,,,,,,,,,,,,,,,,,,
The Big -P.01-UP-20-April-26,CON-B01-9TH-1020,,,,,,,,,,,,,,,,,,
The Big -P.01-UP-20-April-26,CON-B01-9TH-1030,,,,,,,,,,,,,,,,,,
The Big -P.01-UP-20-April-26,AB-APP-B04-RF-1000,,,,,,,,,,,,,,,,,,
The Big -P.01-UP-20-April-26,CON-B01-9TH-1040,,,,,,,,,,,,,,,,,,
The Big -P.01-UP-20-April-26,CON-B04-RF-1080,,,,,,,,,,,,,,,,,,
The Big -P.01-UP-20-April-26,AB-SUB-B01-RF-1000,,,,,,,,,,,,,,,,,,
The Big -P.01-UP-20-April-26,CON-B01-9TH-1050,,,,,,,,,,,,,,,,,,
The Big -P.01-UP-20-April-26,CON-B01-8TH-1080,,,,,,,,,,,,,,,,,,
The Big -P.01-UP-20-April-26,CON-B01-9TH-1060,,,,,,,,,,,,,,,,,,
The Big -P.01-UP-20-April-26,AB-APP-B01-8TH-1010,,,,,,,,,,,,,,,,,,
The Big -P.01-UP-20-April-26,AB-APP-B01-8TH-1020,,,,,,,,,,,,,,,,,,
The Big -P.01-UP-20-April-26,AB-APP-B01-8TH-1030,,,,,,,,,,,,,,,,,,
The Big -P.01-UP-20-April-26,CON-B01-9TH-1070,,,,,,,,,,,,,,,,,,
The Big -P.01-UP-20-April-26,AB-SUB-B01-RF-1010,,,,,,,,,,,,,,,,,,
The Big -P.01-UP-20-April-26,AB-SUB-B01-RF-1020,,,,,,,,,,,,,,,,,,
The Big -P.01-UP-20-April-26,AB-APP-B04-RF-1010,,,,,,,,,,,,,,,,,,
The Big -P.01-UP-20-April-26,AB-APP-B04-RF-1020,,,,,,,,,,,,,,,,,,
The Big -P.01-UP-20-April-26,CON-B01-9TH-1080,,,,,,,,,,,,,,,,,,
The Big -P.01-UP-20-April-26,AB-APP-B01-RF-1000,,,,,,,,,,,,,,,,,,
The Big -P.01-UP-20-April-26,HO-1040,,,,,,,,,,,,,,,,,,
The Big -P.01-UP-20-April-26,AB-APP-B01-RF-1010,,,,,,,,,,,,,,,,,,
The Big -P.01-UP-20-April-26,AB-APP-B01-RF-1020,,,,,,,,,,,,,,,,,,
The Big -P.01-UP-20-April-26,HO-1010,,,,,,,,,,,,,,,,,,
The Big -P.01-UP-20-April-26,HO-1050,,,,,,,,,,,,,,,,,,
The Big -P.01-UP-20-April-26,HO-1000,,,,,,,,,,,,,,,,,,
The Big -P.01-UP-20-April-26,KD-MS-1050,,,,,,,,,,,,,,,,,,
